longueur_onde,flux
5837.2441,4396.5601
5837.2593,4552.5010
5837.2739,4552.5010
5837.2891,4458.3481
5837.3042,4363.9927
5837.3193,4363.9927
5837.3340,4589.3740
5837.3491,4610.8481
5837.3643,4618.6401
5837.3789,4634.6870
5837.3940,4634.6870
5837.4092,4522.2192
5837.4243,4482.9175
5837.4390,4497.0718
5837.4541,4573.9258
5837.4692,4573.9258
5837.4844,4584.4487
5837.4990,4592.3765
5837.5142,4592.3765
5837.5293,4558.3574
5837.5439,4557.8545
5837.5591,4515.3291
5837.5742,4451.7695
5837.5894,4451.7695
5837.6040,4425.8716
5837.6191,4420.0557
5837.6343,4429.8687
5837.6489,4462.2344
5837.6641,4462.2344
5837.6792,4345.5977
5837.6943,4282.5210
5837.7090,4282.9990
5837.7241,4289.8008
5837.7393,4289.8008
5837.7539,4299.2661
5837.7690,4309.4102
5837.7842,4309.4102
5837.7993,4423.9727
5837.8140,4436.7041
5837.8291,4359.8545
5837.8442,4194.7349
5837.8594,4194.7349
5837.8740,4272.7910
5837.8892,4300.8569
5837.9043,4327.5356
5837.9189,4474.3467
5837.9341,4474.3467
5837.9492,4504.0737
5837.9644,4526.2861
5837.9790,4526.2861
5837.9941,4359.8911
5838.0093,4358.4150
5838.0239,4386.0312
5838.0391,4425.7070
5838.0542,4425.7070
5838.0693,4347.8813
5838.0840,4331.9287
5838.0991,4281.9766
5838.1143,4131.8813
5838.1289,4131.8813
5838.1440,4201.6709
5838.1592,4236.0718
5838.1743,4248.3262
5838.1890,4371.8242
5838.2041,4371.8242
5838.2192,4352.0952
5838.2344,4333.2168
5838.2490,4333.2168
5838.2642,4463.3604
5838.2793,4472.8423
5838.2939,4410.2119
5838.3091,4295.6582
5838.3242,4295.6582
5838.3394,4261.4067
5838.3540,4251.4727
5838.3691,4280.3438
5838.3843,4397.8887
5838.3989,4397.8887
5838.4141,4219.3818
5838.4292,4109.7471
5838.4443,4099.8110
5838.4590,3874.0286
5838.4741,3874.0286
5838.4893,4032.1128
5838.5039,4213.9165
5838.5190,4213.9165
5838.5342,4292.3926
5838.5493,4302.2529
5838.5640,4276.1299
5838.5791,4218.5132
5838.5942,4218.5132
5838.6094,4283.6025
5838.6240,4306.9663
5838.6392,4370.6919
5838.6543,4705.0698
5838.6689,4705.0698
5838.6841,4544.2505
5838.6992,4429.9771
5838.7144,4430.1099
5838.7290,4444.0269
5838.7441,4444.0269
5838.7593,4442.1074
5838.7739,4439.6104
5838.7891,4439.6104
5838.8042,4539.9629
5838.8193,4556.2891
5838.8340,4562.1304
5838.8491,4576.7222
5838.8643,4576.7222
5838.8789,4443.0640
5838.8940,4388.9912
5838.9092,4400.9136
5838.9243,4475.1445
5838.9390,4475.1445
5838.9541,4537.5972
5838.9692,4585.6572
5838.9844,4585.6572
5838.9990,4402.3428
5839.0142,4400.8955
5839.0293,4360.1963
5839.0439,4303.8853
5839.0591,4303.8853
5839.0742,4446.8140
5839.0894,4472.5903
5839.1040,4473.8164
5839.1191,4477.0459
5839.1343,4477.0459
5839.1489,4504.9307
5839.1641,4516.6821
5839.1792,4510.1763
5839.1943,4467.4487
5839.2090,4467.4487
5839.2241,4348.1392
5839.2393,4254.8071
5839.2539,4254.8071
5839.2690,4566.0088
5839.2842,4569.0439
5839.2993,4508.9448
5839.3140,4425.9219
5839.3291,4425.9219
5839.3442,4571.5967
5839.3594,4597.3433
5839.3740,4569.6909
5839.3892,4498.5894
5839.4043,4498.5894
5839.4189,4467.8809
5839.4341,4455.3701
5839.4492,4442.5630
5839.4644,4364.7754
5839.4790,4364.7754
5839.4941,4431.8511
5839.5093,4481.9341
5839.5239,4481.8403
5839.5391,4458.5479
5839.5542,4458.5479
5839.5693,4491.1323
5839.5840,4533.3208
5839.5991,4533.3208
5839.6143,4364.4243
5839.6289,4338.7119
5839.6440,4340.5674
5839.6592,4344.8916
5839.6743,4344.8916
5839.6890,4387.3120
5839.7041,4402.7612
5839.7192,4400.0903
5839.7344,4386.6816
5839.7490,4386.6816
5839.7642,4521.4927
5839.7793,4611.5728
5839.7939,4611.1094
5839.8091,4597.5830
5839.8242,4597.5830
5839.8394,4598.0049
5839.8540,4598.4854
5839.8691,4598.4854
5839.8843,4477.9570
5839.8989,4464.7808
5839.9141,4469.7344
5839.9292,4479.5195
5839.9443,4479.5195
5839.9590,4350.3350
5839.9741,4311.9731
5839.9893,4334.7207
5840.0039,4422.2358
5840.0190,4422.2358
5840.0342,4480.6069
5840.0493,4513.1724
5840.0640,4503.8223
5840.0791,4392.9741
5840.0942,4392.9741
5840.1094,4439.9810
5840.1240,4484.4258
5840.1392,4484.4258
5840.1543,4543.2886
5840.1689,4546.3511
5840.1841,4493.0044
5840.1992,4408.6460
5840.2144,4408.6460
5840.2290,4443.2573
5840.2441,4450.6206
5840.2593,4448.7847
5840.2739,4443.6162
5840.2891,4443.6162
5840.3042,4503.4302
5840.3193,4529.0820
5840.3340,4540.2866
5840.3491,4610.2871
5840.3643,4610.2871
5840.3789,4491.1499
5840.3940,4403.6040
5840.4092,4405.5605
5840.4243,4532.4702
5840.4390,4532.4702
5840.4541,4519.4297
5840.4692,4503.7627
5840.4844,4503.7627
5840.4990,4487.4478
5840.5142,4485.5059
5840.5293,4542.0547
5840.5439,4655.1396
5840.5591,4655.1396
5840.5742,4574.4614
5840.5894,4550.8213
5840.6040,4549.4751
5840.6191,4544.5220
5840.6343,4544.5220
5840.6489,4444.3364
5840.6641,4391.4263
5840.6792,4407.1064
5840.6943,4555.8271
5840.7090,4555.8271
5840.7241,4565.9326
5840.7393,4574.6572
5840.7539,4574.6572
5840.7690,4558.2646
5840.7842,4557.9009
5840.7993,4547.8828
5840.8140,4534.0610
5840.8291,4534.0610
5840.8442,4527.3818
5840.8594,4526.3169
5840.8740,4517.5957
5840.8892,4497.7285
5840.9043,4497.7285
5840.9189,4442.3125
5840.9341,4423.6382
5840.9492,4461.5811
5840.9644,4622.1230
5840.9790,4622.1230
5840.9941,4514.9165
5841.0093,4453.2109
5841.0239,4458.5601
5841.0391,4521.3203
5841.0542,4521.3203
5841.0693,4584.3350
5841.0840,4641.8755
5841.0991,4641.8755
5841.1143,4443.0527
5841.1289,4436.3066
5841.1440,4481.4385
5841.1592,4545.8535
5841.1743,4545.8535
5841.1890,4538.8101
5841.2041,4537.6362
5841.2192,4484.4326
5841.2344,4361.7847
5841.2490,4361.7847
5841.2642,4515.1934
5841.2793,4566.7920
5841.2939,4571.1240
5841.3091,4589.0791
5841.3242,4589.0791
5841.3394,4685.1475
5841.3540,4739.0029
5841.3691,4711.8242
5841.3843,4428.3774
5841.3989,4428.3774
5841.4141,4450.7310
5841.4292,4470.1963
5841.4443,4470.1963
5841.4590,4421.3760
5841.4741,4420.4756
5841.4893,4502.8110
5841.5039,4612.1499
5841.5190,4612.1499
5841.5342,4444.1450
5841.5493,4420.7031
5841.5640,4482.6416
5841.5791,4610.7773
5841.5942,4610.7773
5841.6094,4682.3608
5841.6240,4703.2031
5841.6392,4655.1006
5841.6543,4487.9282
5841.6689,4487.9282
5841.6841,4586.9819
5841.6992,4635.1724
5841.7144,4621.2524
5841.7290,4521.3594
5841.7441,4521.3594
5841.7593,4478.7427
5841.7739,4446.8828
5841.7891,4445.9199
5841.8042,4403.9839
5841.8193,4403.9839
5841.8340,4488.6274
5841.8491,4582.9365
5841.8643,4582.9365
5841.8789,4462.0493
5841.8940,4452.0869
5841.9092,4517.4077
5841.9243,4626.2510
5841.9390,4626.2510
5841.9541,4616.0938
5841.9692,4613.9629
5841.9844,4610.7061
5841.9990,4602.2642
5842.0142,4602.2642
5842.0293,4491.8594
5842.0439,4451.1367
5842.0591,4476.3574
5842.0742,4588.9497
5842.0894,4588.9497
5842.1040,4537.5137
5842.1191,4508.0498
5842.1343,4497.2729
5842.1489,4386.8330
5842.1641,4386.8330
5842.1792,4388.9990
5842.1943,4390.8267
5842.2090,4390.8267
5842.2241,4714.0093
5842.2393,4715.2783
5842.2539,4729.8799
5842.2690,4747.7144
5842.2842,4747.7144
5842.2993,4576.3970
5842.3140,4558.3193
5842.3291,4511.6704
5842.3442,4428.4727
5842.3594,4428.4727
5842.3740,4534.5122
5842.3892,4558.6953
5842.4043,4555.2900
5842.4189,4546.0674
5842.4341,4546.0674
5842.4492,4545.6987
5842.4644,4545.5591
5842.4790,4554.5151
5842.4941,4594.9546
5842.5093,4594.9546
5842.5239,4389.1890
5842.5391,4272.2515
5842.5542,4287.1924
5842.5693,4430.7480
5842.5840,4430.7480
5842.5991,4545.7163
5842.6143,4639.3169
5842.6289,4636.9302
5842.6440,4358.6387
5842.6592,4358.6387
5842.6743,4389.1934
5842.6890,4424.1924
5842.7041,4424.1924
5842.7192,4719.7241
5842.7344,4744.0239
5842.7490,4578.9648
5842.7642,4312.2314
5842.7793,4312.2314
5842.7939,4440.3145
5842.8091,4464.5610
5842.8242,4517.4775
5842.8394,4641.1177
5842.8540,4641.1177
5842.8691,4497.2148
5842.8843,4451.5015
5842.8989,4432.8525
5842.9141,4366.1299
5842.9292,4366.1299
5842.9443,4380.7383
5842.9590,4387.6670
5842.9741,4383.2725
5842.9893,4355.9287
5843.0039,4355.9287
5843.0190,4290.1533
5843.0342,4246.1123
5843.0493,4251.7651
5843.0640,4340.6895
5843.0791,4340.6895
5843.0942,4457.7100
5843.1094,4565.3374
5843.1240,4565.3374
5843.1392,4529.6089
5843.1543,4528.9673
5843.1689,4431.9702
5843.1841,4310.5747
5843.1992,4310.5747
5843.2144,4267.0146
5843.2290,4262.5078
5843.2441,4351.2861
5843.2593,4503.3179
5843.2739,4503.3179
5843.2891,4419.9727
5843.3042,4403.0723
5843.3193,4454.3247
5843.3340,4577.1187
5843.3491,4577.1187
5843.3643,4440.2012
5843.3789,4396.4575
5843.3940,4406.9741
5843.4092,4443.9194
5843.4243,4443.9194
5843.4390,4549.1431
5843.4541,4597.3931
5843.4692,4595.9443
5843.4844,4587.7310
5843.4990,4587.7310
5843.5142,4566.6235
5843.5293,4553.3896
5843.5439,4545.8618
5843.5591,4458.8750
5843.5742,4458.8750
5843.5894,4506.6431
5843.6040,4546.5278
5843.6191,4544.3145
5843.6343,4338.0815
5843.6489,4338.0815
5843.6641,4466.1216
5843.6792,4606.7422
5843.6943,4606.7422
5843.7090,4463.0244
5843.7241,4454.3174
5843.7393,4419.4805
5843.7539,4369.2441
5843.7690,4369.2441
5843.7842,4504.9224
5843.7993,4524.0522
5843.8140,4553.7500
5843.8291,4610.4614
5843.8442,4610.4614
5843.8594,4525.5298
5843.8740,4505.7720
5843.8892,4500.9844
5843.9043,4488.6230
5843.9189,4488.6230
5843.9341,4458.5337
5843.9492,4448.3647
5843.9644,4480.3252
5843.9790,4596.3604
5843.9941,4596.3604
5844.0093,4528.9712
5844.0239,4497.9580
5844.0391,4504.5889
5844.0542,4541.0078
5844.0693,4541.0078
5844.0840,4546.9722
5844.0991,4550.5728
5844.1143,4548.0635
5844.1289,4523.7080
5844.1440,4523.7080
5844.1592,4543.6821
5844.1743,4559.1504
5844.1890,4553.9019
5844.2041,4405.0327
5844.2192,4405.0327
5844.2344,4525.6001
5844.2490,4643.8398
5844.2642,4643.8398
5844.2793,4325.6299
5844.2939,4317.8086
5844.3091,4465.3145
5844.3242,4647.4487
5844.3394,4647.4487
5844.3540,4513.0762
5844.3691,4501.2739
5844.3843,4571.1763
5844.3989,4679.8823
5844.4141,4679.8823
5844.4292,4613.3838
5844.4443,4602.8989
5844.4590,4573.1177
5844.4741,4514.4121
5844.4893,4514.4121
5844.5039,4519.5259
5844.5190,4520.7280
5844.5342,4488.1514
5844.5493,4405.6372
5844.5640,4405.6372
5844.5791,4460.9121
5844.5942,4478.6768
5844.6094,4447.7959
5844.6240,4344.8975
5844.6392,4344.8975
5844.6543,4363.7939
5844.6689,4371.6929
5844.6841,4384.8291
5844.6992,4444.7075
5844.7144,4444.7075
5844.7290,4535.5957
5844.7441,4583.4814
5844.7593,4566.5083
5844.7739,4453.2109
5844.7891,4453.2109
5844.8042,4534.6050
5844.8193,4587.5327
5844.8340,4587.4482
5844.8491,4586.5024
5844.8643,4586.5024
5844.8789,4554.7256
5844.8940,4529.5845
5844.9092,4525.6128
5844.9243,4415.9097
5844.9390,4415.9097
5844.9541,4301.5137
5844.9692,4192.4409
5844.9844,4192.4409
5844.9990,4275.6948
5845.0142,4276.6030
5845.0293,4403.5522
5845.0439,4548.5415
5845.0591,4548.5415
5845.0742,4415.5610
5845.0894,4407.7881
5845.1040,4510.1772
5845.1191,4649.8135
5845.1343,4649.8135
5845.1489,4500.7695
5845.1641,4484.5117
5845.1792,4495.2832
5845.1943,4512.8154
5845.2090,4512.8154
5845.2241,4515.9438
5845.2393,4516.4541
5845.2539,4530.7935
5845.2690,4558.7041
5845.2842,4558.7041
5845.2993,4383.8750
5845.3140,4345.3125
5845.3291,4329.7856
5845.3442,4293.4712
5845.3594,4293.4712
5845.3740,4229.3701
5845.3892,4211.2964
5845.4043,4242.6167
5845.4189,4331.3286
5845.4341,4331.3286
5845.4492,4510.8330
5845.4644,4573.2065
5845.4790,4567.4243
5845.4941,4547.3545
5845.5093,4547.3545
5845.5239,4550.1602
5845.5391,4551.3315
5845.5542,4536.2832
5845.5693,4471.1514
5845.5840,4471.1514
5845.5991,4472.0933
5845.6143,4472.5566
5845.6289,4520.0146
5845.6440,4782.7256
5845.6592,4782.7256
5845.6743,4645.4434
5845.6890,4566.9268
5845.7041,4562.7651
5845.7192,4532.1382
5845.7344,4532.1382
5845.7490,4570.0645
5845.7642,4594.9878
5845.7793,4578.9028
5845.7939,4411.3052
5845.8091,4411.3052
5845.8242,4445.3662
5845.8394,4470.8501
5845.8540,4463.7505
5845.8691,4345.8784
5845.8843,4345.8784
5845.8989,4421.6777
5845.9141,4485.7515
5845.9292,4484.4736
5845.9443,4439.0356
5845.9590,4439.0356
5845.9741,4430.2300
5845.9893,4421.8750
5846.0039,4421.8750
5846.0190,4323.0474
5846.0342,4322.9678
5846.0493,4402.0527
5846.0640,4485.8252
5846.0791,4485.8252
5846.0942,4382.0415
5846.1094,4379.0898
5846.1240,4453.4922
5846.1392,4541.0410
5846.1543,4541.0410
5846.1689,4377.4907
5846.1841,4368.3022
5846.1992,4395.4565
5846.2144,4430.7939
5846.2290,4430.7939
5846.2441,4367.8945
5846.2593,4362.6152
5846.2739,4454.0083
5846.2891,4585.0151
5846.3042,4585.0151
5846.3193,4488.4551
5846.3340,4477.6836
5846.3491,4422.7725
5846.3643,4336.4014
5846.3789,4336.4014
5846.3940,4544.0815
5846.4092,4572.9346
5846.4243,4559.5654
5846.4390,4536.5752
5846.4541,4536.5752
5846.4692,4557.5400
5846.4844,4561.0181
5846.4990,4571.7852
5846.5142,4591.9546
5846.5293,4591.9546
5846.5439,4656.8599
5846.5591,4669.3428
5846.5742,4614.8848
5846.5894,4504.1611
5846.6040,4504.1611
5846.6191,4607.8115
5846.6343,4630.4106
5846.6489,4601.0459
5846.6641,4536.4854
5846.6792,4536.4854
5846.6943,4474.5132
5846.7090,4459.4639
5846.7241,4427.9810
5846.7393,4353.4277
5846.7539,4353.4277
5846.7690,4439.3252
5846.7842,4462.2236
5846.7993,4471.4761
5846.8140,4494.9780
5846.8291,4494.9780
5846.8442,4432.0298
5846.8594,4413.8340
5846.8740,4433.4312
5846.8892,4486.5869
5846.9043,4486.5869
5846.9189,4540.3398
5846.9341,4557.0083
5846.9492,4517.6523
5846.9644,4404.2061
5846.9790,4404.2061
5846.9941,4296.8779
5847.0093,4261.5107
5847.0239,4204.1650
5847.0391,4029.4028
5847.0542,4029.4028
5847.0693,4096.4253
5847.0840,4119.6914
5847.0991,4179.3701
5847.1143,4370.5645
5847.1289,4370.5645
5847.1440,4286.3452
5847.1592,4255.7910
5847.1743,4319.1772
5847.1890,4531.3662
5847.2041,4531.3662
5847.2192,4507.4800
5847.2344,4498.4907
5847.2490,4506.8745
5847.2642,4536.0103
5847.2793,4536.0103
5847.2939,4527.1123
5847.3091,4523.6636
5847.3242,4502.9141
5847.3394,4428.5737
5847.3540,4428.5737
5847.3691,4422.0220
5847.3843,4419.4243
5847.3989,4458.0850
5847.4141,4599.8472
5847.4292,4599.8472
5847.4443,4609.4297
5847.4590,4613.2910
5847.4741,4596.8750
5847.4893,4535.7324
5847.5039,4535.7324
5847.5190,4540.4189
5847.5342,4542.3252
5847.5493,4554.6792
5847.5640,4601.0547
5847.5791,4601.0547
5847.5942,4517.7329
5847.6094,4483.7324
5847.6240,4468.1934
5847.6392,4409.8687
5847.6543,4409.8687
5847.6689,4437.3315
5847.6841,4448.5015
5847.6992,4457.7656
5847.7144,4492.2646
5847.7290,4492.2646
5847.7441,4494.1699
5847.7593,4494.9380
5847.7739,4501.3467
5847.7891,4524.8389
5847.8042,4524.8389
5847.8193,4529.2505
5847.8340,4530.9990
5847.8491,4520.9565
5847.8643,4484.9946
5847.8789,4484.9946
5847.8940,4523.5610
5847.9092,4538.5024
5847.9243,4538.3999
5847.9390,4538.0439
5847.9541,4538.0439
5847.9692,4553.3345
5847.9844,4559.0850
5847.9990,4515.8726
5848.0142,4371.3364
5848.0293,4371.3364
5848.0439,4389.5986
5848.0591,4396.2183
5848.0742,4331.4502
5848.0894,4124.1621
5848.1040,4124.1621
5848.1191,3976.6941
5848.1343,3925.5562
5848.1489,3871.4390
5848.1641,3706.7180
5848.1792,3706.7180
5848.1943,3829.8167
5848.2090,3870.3257
5848.2241,3839.2520
5848.2393,3749.8093
5848.2539,3749.8093
5848.2690,4011.0400
5848.2842,4091.9109
5848.2993,4144.0508
5848.3140,4285.2349
5848.3291,4285.2349
5848.3442,4333.2344
5848.3594,4347.0796
5848.3740,4384.4766
5848.3892,4479.2798
5848.4043,4479.2798
5848.4189,4568.4062
5848.4341,4592.1021
5848.4492,4546.6987
5848.4644,4439.4263
5848.4790,4439.4263
5848.4941,4523.1816
5848.5093,4543.4531
5848.5239,4490.8369
5848.5391,4375.4624
5848.5542,4375.4624
5848.5693,4490.6719
5848.5840,4515.6855
5848.5991,4485.8403
5848.6143,4425.3413
5848.6289,4425.3413
5848.6440,4510.9946
5848.6592,4527.3799
5848.6743,4533.2222
5848.6890,4544.1279
5848.7041,4544.1279
5848.7192,4534.4346
5848.7344,4532.8374
5848.7490,4508.1572
5848.7642,4465.8818
5848.7793,4465.8818
5848.7939,4420.5547
5848.8091,4414.3145
5848.8242,4487.3296
5848.8394,4601.6729
5848.8540,4601.6729
5848.8691,4616.3301
5848.8843,4617.9448
5848.8989,4605.4805
5848.9141,4587.7012
5848.9292,4587.7012
5848.9443,4469.0786
5848.9590,4459.3008
5848.9741,4427.8369
5848.9893,4387.1177
5849.0039,4387.1177
5849.0190,4527.2905
5849.0342,4534.9385
5849.0493,4533.0415
5849.0640,4530.8232
5849.0791,4530.8232
5849.0942,4438.2480
5849.1094,4435.7769
5849.1240,4458.5942
5849.1392,4482.5952
5849.1543,4482.5024
5849.1689,4394.9595
5849.1841,4394.9595
5849.1992,4354.6411
5849.2144,4316.6846
5849.2290,4324.4639
5849.2441,4580.8647
5849.2593,4580.8647
5849.2739,4583.4375
5849.2891,4585.5933
5849.3042,4588.4790
5849.3193,4634.3799
5849.3340,4634.3799
5849.3491,4572.0415
5849.3643,4525.8721
5849.3789,4506.2568
5849.3940,4308.3887
5849.4092,4308.3887
5849.4243,4382.9414
5849.4390,4431.3701
5849.4541,4462.4272
5849.4692,4684.7837
5849.4844,4684.7837
5849.4990,4624.9854
5849.5142,4591.2368
5849.5293,4592.5557
5849.5439,4599.6787
5849.5591,4599.6787
5849.5742,4571.7227
5849.5894,4558.1748
5849.6040,4522.2217
5849.6191,4370.1914
5849.6343,4370.1914
5849.6489,4436.3428
5849.6641,4463.4595
5849.6792,4441.7803
5849.6943,4368.2075
5849.7090,4368.2075
5849.7241,4386.7549
5849.7393,4393.0610
5849.7539,4398.2959
5849.7690,4412.7969
5849.7842,4412.7969
5849.7993,4376.8237
5849.8140,4366.9482
5849.8291,4423.7617
5849.8442,4553.6714
5849.8594,4553.6714
5849.8740,4493.3735
5849.8892,4480.5176
5849.9043,4544.5645
5849.9189,4666.3823
5849.9341,4666.3823
5849.9492,4592.3179
5849.9644,4580.7832
5849.9790,4535.5410
5849.9941,4463.6484
5850.0093,4463.6484
5850.0239,4578.9375
5850.0391,4590.6787
5850.0542,4527.3345
5850.0693,4443.1011
5850.0840,4443.1011
5850.0991,4439.4639
5850.1143,4439.2773
5850.1289,4502.0522
5850.1440,4571.8423
5850.1592,4571.8423
5850.1743,4278.6978
5850.1890,4277.5781
5850.2041,4450.3936
5850.2192,4610.4390
5850.2344,4597.1182
5850.2490,4297.0371
5850.2642,4297.0371
5850.2793,4500.4341
5850.2939,4656.2954
5850.3091,4647.9282
5850.3242,4563.4751
5850.3394,4563.4751
5850.3540,4486.9961
5850.3691,4439.0098
5850.3843,4453.7939
5850.3989,4545.2817
5850.4141,4545.2817
5850.4292,4468.2930
5850.4443,4429.3516
5850.4590,4438.6733
5850.4741,4478.5649
5850.4893,4478.5649
5850.5039,4566.2954
5850.5190,4601.2534
5850.5342,4589.9922
5850.5493,4554.5376
5850.5640,4554.5376
5850.5791,4581.2900
5850.5942,4589.4004
5850.6094,4585.9321
5850.6240,4577.6030
5850.6392,4577.6030
5850.6543,4601.9810
5850.6689,4607.2964
5850.6841,4600.3916
5850.6992,4587.4731
5850.7144,4587.4731
5850.7290,4607.6948
5850.7441,4610.5581
5850.7593,4617.2568
5850.7739,4627.1411
5850.7891,4627.1411
5850.8042,4732.4717
5850.8193,4740.1240
5850.8340,4690.3428
5850.8491,4632.1201
5850.8643,4632.1201
5850.8789,4515.6807
5850.8940,4514.4932
5850.9092,4530.2925
5850.9243,4544.9214
5850.9390,4545.6772
5850.9541,4560.3818
5850.9692,4560.3818
5850.9844,4459.9385
5850.9990,4386.8623
5851.0142,4394.1230
5851.0293,4453.3613
5851.0439,4453.3613
5851.0591,4507.3926
5851.0742,4537.8066
5851.0894,4552.5493
5851.1040,4624.1108
5851.1191,4624.1108
5851.1343,4464.5615
5851.1489,4396.8779
5851.1641,4391.0610
5851.1792,4371.9966
5851.1943,4371.9966
5851.2090,4435.2119
5851.2241,4454.5464
5851.2393,4451.3652
5851.2539,4443.8755
5851.2690,4443.8755
5851.2842,4538.0664
5851.2993,4557.2544
5851.3140,4543.3179
5851.3291,4518.9404
5851.3442,4518.9404
5851.3594,4448.4697
5851.3740,4440.3848
5851.3892,4430.6943
5851.4043,4417.8882
5851.4189,4417.8882
5851.4341,4362.9648
5851.4492,4360.9575
5851.4644,4401.4463
5851.4790,4442.0864
5851.4941,4447.3271
5851.5093,4597.4468
5851.5239,4597.4468
5851.5391,4525.4595
5851.5542,4470.8711
5851.5693,4486.2144
5851.5840,4618.3115
5851.5991,4618.3115
5851.6143,4579.9058
5851.6289,4558.2773
5851.6440,4558.5303
5851.6592,4559.7168
5851.6743,4559.7168
5851.6890,4490.8486
5851.7041,4463.0020
5851.7192,4468.9624
5851.7344,4486.9644
5851.7490,4486.9644
5851.7642,4431.4224
5851.7793,4416.2778
5851.7939,4411.2334
5851.8091,4400.6650
5851.8242,4400.6650
5851.8394,4567.8394
5851.8540,4594.8799
5851.8691,4617.9878
5851.8843,4652.8257
5851.8989,4652.8257
5851.9141,4585.2837
5851.9292,4580.7524
5851.9443,4493.9380
5851.9590,4398.2979
5851.9741,4398.6782
5851.9893,4423.9448
5852.0039,4423.9448
5852.0190,4567.5518
5852.0342,4683.0771
5852.0493,4665.0498
5852.0640,4491.0361
5852.0791,4491.0361
5852.0942,4463.7378
5852.1094,4447.9722
5852.1240,4433.0928
5852.1392,4362.5825
5852.1543,4362.5825
5852.1689,4145.1450
5852.1841,4058.4529
5852.1992,4038.2424
5852.2144,3979.4993
5852.2290,3979.4993
5852.2441,3843.6116
5852.2593,3809.0745
5852.2739,3753.5305
5852.2891,3645.2517
5852.3042,3645.2517
5852.3193,3688.2285
5852.3340,3694.0291
5852.3491,3889.2561
5852.3643,4155.0586
5852.3789,4155.0586
5852.3940,4221.8125
5852.4092,4224.1499
5852.4243,4225.8179
5852.4390,4227.4253
5852.4541,4240.6758
5852.4692,4479.3652
5852.4844,4479.3652
5852.4990,4420.0195
5852.5142,4379.8442
5852.5293,4411.6787
5852.5439,4606.6440
5852.5591,4606.6440
5852.5742,4456.4907
5852.5894,4387.3628
5852.6040,4385.5283
5852.6191,4379.3706
5852.6343,4379.3706
5852.6489,4424.4956
5852.6641,4437.6309
5852.6792,4382.1567
5852.6943,4264.2417
5852.7090,4264.2417
5852.7241,4467.1201
5852.7393,4498.6016
5852.7539,4550.7148
5852.7690,4625.1689
5852.7842,4625.1689
5852.7993,4558.5093
5852.8140,4555.5977
5852.8291,4485.1069
5852.8442,4415.9824
5852.8594,4421.9414
5852.8740,4530.6455
5852.8892,4530.6455
5852.9043,4604.6504
5852.9189,4654.1123
5852.9341,4634.2676
5852.9492,4519.2461
5852.9644,4519.2461
5852.9790,4542.5234
5852.9941,4552.7271
5853.0093,4526.6162
5853.0239,4445.5664
5853.0391,4445.5664
5853.0542,4389.8970
5853.0693,4375.3145
5853.0840,4380.6880
5853.0991,4391.0488
5853.1143,4391.0488
5853.1289,4363.2051
5853.1440,4359.7974
5853.1592,4369.9980
5853.1743,4382.9424
5853.1890,4382.9424
5853.2041,4382.3491
5853.2192,4382.3438
5853.2344,4351.8164
5853.2490,4325.9468
5853.2642,4330.0850
5853.2793,4370.8853
5853.2939,4370.8853
5853.3091,4406.5308
5853.3242,4426.3037
5853.3394,4418.2544
5853.3540,4384.9546
5853.3691,4384.9546
5853.3843,4405.9580
5853.3989,4413.0918
5853.4141,4418.6074
5853.4292,4431.5640
5853.4443,4431.5640
5853.4590,4522.5898
5853.4741,4538.5186
5853.4893,4524.1782
5853.5039,4503.0122
5853.5190,4503.0122
5853.5342,4475.9297
5853.5493,4474.7139
5853.5640,4433.1323
5853.5791,4393.2632
5853.5942,4385.2134
5853.6094,4268.1357
5853.6240,4268.1357
5853.6392,4072.2974
5853.6543,3951.4980
5853.6689,3884.7056
5853.6841,3565.3945
5853.6992,3565.3945
5853.7144,3276.2803
5853.7290,3168.1648
5853.7441,3106.8826
5853.7593,2951.6196
5853.7739,2951.6196
5853.7891,3117.2048
5853.8042,3149.0947
5853.8193,3331.4272
5853.8340,3611.4443
5853.8491,3611.4443
5853.8643,4076.7986
5853.8789,4101.0083
5853.8940,4290.0034
5853.9092,4473.7256
5853.9243,4478.3086
5853.9390,4545.4087
5853.9541,4545.4087
5853.9692,4529.1392
5853.9844,4519.2153
5853.9990,4473.9575
5854.0142,4265.9224
5854.0293,4265.9224
5854.0439,4467.5259
5854.0591,4539.6333
5854.0742,4494.0552
5854.0894,4385.0127
5854.1040,4385.0127
5854.1191,4454.8735
5854.1343,4466.8813
5854.1489,4474.5420
5854.1641,4485.4653
5854.1792,4485.4653
5854.1943,4435.6270
5854.2090,4434.1621
5854.2241,4457.2627
5854.2393,4477.6646
5854.2539,4487.7651
5854.2690,4588.7427
5854.2842,4588.7427
5854.2993,4497.9409
5854.3140,4449.3013
5854.3291,4449.1538
5854.3442,4448.6045
5854.3594,4448.6045
5854.3740,4463.9072
5854.3892,4468.4092
5854.4043,4409.7246
5854.4189,4292.6826
5854.4341,4292.6826
5854.4492,4413.0488
5854.4644,4427.0864
5854.4790,4439.3828
5854.4941,4453.9639
5854.5093,4455.6646
5854.5239,4539.9487
5854.5391,4539.9487
5854.5542,4508.4546
5854.5693,4485.8721
5854.5840,4490.0591
5854.5991,4514.6772
5854.6143,4514.6772
5854.6289,4512.9800
5854.6440,4512.2822
5854.6592,4510.1460
5854.6743,4504.4370
5854.6890,4504.4370
5854.7041,4335.9917
5854.7192,4303.0127
5854.7344,4361.5088
5854.7490,4449.0400
5854.7642,4449.0400
5854.7793,4365.3208
5854.7939,4362.3057
5854.8091,4445.1675
5854.8242,4518.5806
5854.8394,4523.3647
5854.8540,4568.6406
5854.8691,4568.6406
5854.8843,4489.8730
5854.8989,4449.5195
5854.9141,4469.7378
5854.9292,4538.4878
5854.9443,4538.4878
5854.9590,4512.2017
5854.9741,4505.3647
5854.9893,4509.8550
5855.0039,4517.8276
5855.0190,4517.8276
5855.0342,4601.8262
5855.0493,4608.4087
5855.0640,4430.3955
5855.0791,4248.5674
5855.0942,4239.7695
5855.1094,4107.6040
5855.1240,4107.6040
5855.1392,4060.2888
5855.1543,4032.5554
5855.1689,4064.2053
5855.1841,4191.7178
5855.1992,4191.7178
5855.2144,4156.9673
5855.2290,4146.4453
5855.2441,4221.6743
5855.2593,4369.9053
5855.2739,4369.9053
5855.2891,4492.2202
5855.3042,4504.9009
5855.3193,4488.8862
5855.3340,4471.2437
5855.3491,4476.3228
5855.3643,4581.8833
5855.3789,4581.8833
5855.3940,4500.7783
5855.4092,4450.2920
5855.4243,4458.1089
5855.4390,4492.0684
5855.4541,4492.0684
5855.4692,4469.7227
5855.4844,4462.5972
5855.4990,4455.4912
5855.5142,4441.0425
5855.5293,4441.0425
5855.5439,4533.4106
5855.5591,4543.5063
5855.5742,4534.0239
5855.5894,4523.4849
5855.6040,4521.6499
5855.6191,4483.6577
5855.6343,4483.6577
5855.6489,4427.8853
5855.6641,4393.5415
5855.6792,4420.7749
5855.6943,4535.3462
5855.7090,4535.3462
5855.7241,4541.8716
5855.7393,4543.8701
5855.7539,4558.3423
5855.7690,4586.5137
5855.7842,4586.5137
5855.7993,4468.9648
5855.8140,4457.8423
5855.8291,4455.9683
5855.8442,4454.0024
5855.8594,4452.4702
5855.8740,4429.6626
5855.8892,4429.6626
5855.9043,4413.3115
5855.9189,4404.0396
5855.9341,4428.2510
5855.9492,4517.3481
5855.9644,4517.3481
5855.9790,4498.0254
5855.9941,4492.8755
5856.0093,4500.7710
5856.0239,4514.4609
5856.0391,4514.4609
5856.0542,4305.0488
5856.0693,4292.2378
5856.0840,4158.8911
5856.0991,4035.4346
5856.1143,4011.8965
5856.1289,3791.5286
5856.1440,3791.5286
5856.1592,3741.7896
5856.1743,3717.7419
5856.1890,3753.0898
5856.2041,3857.9988
5856.2192,3857.9988
5856.2344,4143.2998
5856.2490,4201.6128
5856.2642,4249.4253
5856.2793,4318.5405
5856.2939,4318.5405
5856.3091,4482.5986
5856.3242,4484.6147
5856.3394,4521.8950
5856.3540,4550.3462
5856.3691,4562.5728
5856.3843,4633.6343
5856.3989,4633.6343
5856.4141,4632.1895
5856.4292,4631.6460
5856.4443,4610.4731
5856.4590,4562.7007
5856.4741,4562.7007
5856.4893,4500.1973
5856.5039,4492.2949
5856.5190,4511.5874
5856.5342,4533.4512
5856.5493,4536.1133
5856.5640,4586.5811
5856.5791,4586.5811
5856.5942,4509.0132
5856.6094,4463.8091
5856.6240,4465.5181
5856.6392,4471.8027
5856.6543,4471.8027
5856.6689,4475.6909
5856.6841,4476.6855
5856.6992,4461.5728
5856.7144,4436.8013
5856.7290,4436.8013
5856.7441,4413.1172
5856.7593,4412.1807
5856.7739,4529.7827
5856.7891,4627.8145
5856.8042,4614.1094
5856.8193,4521.6738
5856.8340,4521.6738
5856.8491,4514.3848
5856.8643,4511.4536
5856.8789,4487.7129
5856.8940,4431.6895
5856.9092,4431.6895
5856.9243,4492.0420
5856.9390,4500.0854
5856.9541,4507.5137
5856.9692,4515.9741
5856.9844,4508.6182
5856.9990,4377.0884
5857.0142,4377.0884
5857.0293,4413.4277
5857.0439,4433.9785
5857.0591,4413.6890
5857.0742,4343.7646
5857.0894,4343.7646
5857.1040,4450.0786
5857.1191,4474.7930
5857.1343,4471.5703
5857.1489,4466.7002
5857.1641,4466.7002
5857.1792,4505.7017
5857.1943,4506.2803
5857.2090,4443.2202
5857.2241,4396.2056
5857.2393,4378.3696
5857.2539,4285.2441
5857.2690,4285.2441
5857.2842,4257.8696
5857.2993,4248.6929
5857.3140,4217.5400
5857.3291,4156.3813
5857.3442,4156.3813
5857.3594,3816.3169
5857.3740,3789.2827
5857.3892,3637.9810
5857.4043,3495.8250
5857.4189,3450.2249
5857.4341,3062.1621
5857.4492,3062.1621
5857.4644,2546.6975
5857.4790,2320.5535
5857.4941,2262.4485
5857.5093,2116.9028
5857.5239,2116.9028
5857.5391,2168.9983
5857.5542,2176.3782
5857.5693,2346.0491
5857.5840,2539.8093
5857.5991,2574.8906
5857.6143,3143.1675
5857.6289,3143.1675
5857.6440,3453.3853
5857.6592,3620.5930
5857.6743,3677.2676
5857.6890,3855.0327
5857.7041,3855.0327
5857.7192,3869.2456
5857.7344,3872.0735
5857.7490,3787.9316
5857.7642,3674.8899
5857.7793,3669.2820
5857.7939,3390.5449
5857.8091,3390.5449
5857.8242,3410.7026
5857.8394,3423.4246
5857.8540,3460.0630
5857.8691,3600.6279
5857.8843,3600.6279
5857.8989,3842.3948
5857.9141,3902.5371
5857.9292,4027.0239
5857.9443,4217.5562
5857.9590,4217.5562
5857.9741,4298.0518
5857.9893,4298.8735
5858.0039,4370.6836
5858.0190,4421.6343
5858.0342,4450.4019
5858.0493,4581.1260
5858.0640,4581.1260
5858.0791,4549.9526
5858.0942,4540.9609
5858.1094,4539.3691
5858.1240,4536.6841
5858.1392,4536.6841
5858.1543,4458.8872
5858.1689,4456.3706
5858.1841,4515.5981
5858.1992,4561.1143
5858.2144,4542.4546
5858.2290,4446.3428
5858.2441,4446.3428
5858.2593,4529.5703
5858.2739,4555.8442
5858.2891,4543.0859
5858.3042,4520.1938
5858.3193,4520.1938
5858.3340,4417.3682
5858.3491,4412.6401
5858.3643,4497.3003
5858.3789,4565.3042
5858.3940,4549.0015
5858.4092,4459.0322
5858.4243,4459.0322
5858.4390,4485.6230
5858.4541,4494.3643
5858.4692,4507.3228
5858.4844,4531.1626
5858.4990,4531.1626
5858.5142,4479.0391
5858.5293,4476.4131
5858.5439,4495.0444
5858.5591,4510.1489
5858.5742,4486.9868
5858.5894,4358.6060
5858.6040,4358.6060
5858.6191,4493.7700
5858.6343,4537.9248
5858.6489,4569.3037
5858.6641,4626.3091
5858.6792,4626.3091
5858.6943,4438.2607
5858.7090,4429.7378
5858.7241,4370.1221
5858.7393,4323.0146
5858.7539,4336.6040
5858.7690,4407.4722
5858.7842,4407.4722
5858.7993,4268.6201
5858.8140,4225.6211
5858.8291,4271.7285
5858.8442,4351.4126
5858.8594,4351.4126
5858.8740,4323.7202
5858.8892,4322.8604
5858.9043,4354.3677
5858.9189,4377.7935
5858.9341,4401.4849
5858.9492,4511.1992
5858.9644,4511.1992
5858.9790,4609.5879
5858.9941,4637.0229
5859.0093,4604.4062
5859.0239,4552.6714
5859.0391,4552.6714
5859.0542,4523.5708
5859.0693,4523.3286
5859.0840,4485.4927
5859.0991,4459.9678
5859.1143,4441.7510
5859.1289,4370.1880
5859.1440,4370.1880
5859.1592,4562.1899
5859.1743,4607.5181
5859.1890,4597.2500
5859.2041,4582.8027
5859.2192,4580.8540
5859.2344,4495.1982
5859.2490,4495.1982
5859.2642,4507.1172
5859.2793,4514.1357
5859.2939,4495.7651
5859.3091,4436.5801
5859.3242,4436.5801
5859.3394,4494.9844
5859.3540,4505.7227
5859.3691,4465.6104
5859.3843,4417.1494
5859.3989,4414.4014
5859.4141,4372.3896
5859.4292,4372.3896
5859.4443,4417.5254
5859.4590,4439.7300
5859.4741,4407.2217
5859.4893,4323.4092
5859.5039,4323.4092
5859.5190,4203.5117
5859.5342,4188.5464
5859.5493,4042.2463
5859.5640,3895.3237
5859.5791,3854.9729
5859.5942,3525.7778
5859.6094,3525.7778
5859.6240,3203.3621
5859.6392,3077.8467
5859.6543,3025.5957
5859.6689,2919.8613
5859.6841,2919.8613
5859.6992,3222.1958
5859.7144,3240.8025
5859.7290,3491.9197
5859.7441,3694.3596
5859.7593,3751.7483
5859.7739,4040.8145
5859.7891,4040.8145
5859.8042,4268.9253
5859.8193,4334.0254
5859.8340,4344.6475
5859.8491,4361.2153
5859.8643,4361.2129
5859.8789,4360.4678
5859.8940,4360.4678
5859.9092,4508.4722
5859.9243,4600.3271
5859.9390,4552.9761
5859.9541,4395.1333
5859.9692,4395.1333
5859.9844,4649.5371
5859.9990,4696.2646
5860.0142,4656.8560
5860.0293,4610.4512
5860.0439,4608.9756
5860.0591,4590.5093
5860.0742,4590.5093
5860.0894,4617.5654
5860.1040,4629.7720
5860.1191,4609.8467
5860.1343,4564.3457
5860.1489,4564.3457
5860.1641,4618.6631
5860.1792,4623.3638
5860.1943,4552.0220
5860.2090,4490.3862
5860.2241,4505.1606
5860.2393,4586.9570
5860.2539,4586.9570
5860.2690,4605.2446
5860.2842,4610.7119
5860.2993,4615.3452
5860.3140,4622.6846
5860.3291,4622.1875
5860.3442,4513.3394
5860.3594,4513.3394
5860.3740,4482.6880
5860.3892,4464.0942
5860.4043,4487.0142
5860.4189,4559.3325
5860.4341,4559.3325
5860.4492,4610.6172
5860.4644,4619.0186
5860.4790,4626.8926
5860.4941,4635.4863
5860.5093,4642.7910
5860.5239,4710.4600
5860.5391,4710.4600
5860.5542,4639.2163
5860.5693,4611.1030
5860.5840,4627.1543
5860.5991,4658.7314
5860.6143,4658.7314
5860.6289,4641.9834
5860.6440,4641.2373
5860.6592,4559.1196
5860.6743,4499.1636
5860.6890,4528.8516
5860.7041,4648.3452
5860.7192,4648.3452
5860.7344,4639.5732
5860.7490,4637.6523
5860.7642,4549.4419
5860.7793,4438.1113
5860.7939,4443.5010
5860.8091,4522.1621
5860.8242,4522.1621
5860.8394,4620.3745
5860.8540,4665.2202
5860.8691,4621.0479
5860.8843,4522.3931
5860.8989,4522.3931
5860.9141,4557.6304
5860.9292,4560.1865
5860.9443,4498.8735
5860.9590,4449.8745
5860.9741,4486.8467
5860.9893,4655.7256
5861.0039,4655.7256
5861.0190,4523.7510
5861.0342,4491.5269
5861.0493,4497.3809
5861.0640,4505.1973
5861.0791,4505.8330
5861.0942,4517.1689
5861.1094,4517.1689
5861.1240,4500.1343
5861.1392,4492.0542
5861.1543,4439.8110
5861.1689,4320.0894
5861.1841,4320.0894
5861.1992,4310.8130
5861.2144,4310.1113
5861.2290,4382.6660
5861.2441,4440.6245
5861.2593,4474.6719
5861.2739,4627.1870
5861.2891,4627.1870
5861.3042,4601.0117
5861.3193,4594.8491
5861.3340,4582.7148
5861.3491,4567.0635
5861.3643,4569.0596
5861.3789,4598.0938
5861.3940,4598.0938
5861.4092,4610.4302
5861.4243,4615.9131
5861.4390,4570.1426
5861.4541,4473.1636
5861.4692,4473.1636
5861.4844,4655.1885
5861.4990,4664.9087
5861.5142,4619.6147
5861.5293,4586.5903
5861.5439,4614.6953
5861.5591,4721.9033
5861.5742,4721.9033
5861.5894,4581.9565
5861.6040,4554.7871
5861.6191,4544.7451
5861.6343,4533.3062
5861.6489,4525.6816
5861.6641,4455.4346
5861.6792,4455.4346
5861.6943,4581.0303
5861.7090,4627.7959
5861.7241,4618.7578
5861.7393,4602.6753
5861.7539,4602.6753
5861.7690,4535.5654
5861.7842,4534.9736
5861.7993,4550.6050
5861.8140,4560.0610
5861.8291,4534.7222
5861.8442,4460.7881
5861.8594,4460.7881
5861.8740,4567.7529
5861.8892,4581.2773
5861.9043,4508.7979
5861.9189,4442.0596
5861.9341,4442.4961
5861.9492,4444.8994
5861.9644,4444.8994
5861.9790,4425.8232
5861.9941,4420.6729
5862.0093,4407.4106
5862.0239,4389.1943
5862.0391,4403.4072
5862.0542,4644.9634
5862.0693,4644.9634
5862.0840,4620.2798
5862.0991,4609.1997
5862.1143,4566.1133
5862.1289,4476.6841
5862.1440,4476.6841
5862.1592,4399.5264
5862.1743,4396.3496
5862.1890,4453.7686
5862.2041,4492.6714
5862.2192,4465.3335
5862.2344,4374.8999
5862.2490,4374.8999
5862.2642,4392.1436
5862.2793,4394.7549
5862.2939,4190.5986
5862.3091,3990.6445
5862.3242,3931.5107
5862.3394,3574.9705
5862.3540,3574.9705
5862.3691,3257.1758
5862.3843,3167.3696
5862.3989,2990.2517
5862.4141,2743.0669
5862.4292,2736.1846
5862.4443,2619.1633
5862.4590,2619.1633
5862.4741,2803.8528
5862.4893,2885.2842
5862.5039,3110.8115
5862.5190,3562.9136
5862.5342,3562.9136
5862.5493,4003.2527
5862.5640,4015.9463
5862.5791,4167.1626
5862.5942,4263.2368
5862.6094,4276.3843
5862.6240,4315.5444
5862.6392,4315.5444
5862.6543,4427.8618
5862.6689,4441.5215
5862.6841,4424.6343
5862.6992,4409.7866
5862.7144,4435.6445
5862.7290,4559.2109
5862.7441,4559.2109
5862.7593,4489.4009
5862.7739,4473.4819
5862.7891,4480.3628
5862.8042,4488.5747
5862.8193,4484.1816
5862.8340,4443.7012
5862.8491,4443.7012
5862.8643,4373.9307
5862.8789,4349.4448
5862.8940,4380.5903
5862.9092,4430.7896
5862.9243,4435.9644
5862.9390,4630.5571
5862.9541,4630.5571
5862.9692,4518.0889
5862.9844,4462.5117
5862.9990,4510.8892
5863.0142,4617.0737
5863.0293,4617.0737
5863.0439,4605.8696
5863.0591,4605.3672
5863.0742,4613.6436
5863.0894,4619.1270
5863.1040,4602.7129
5863.1191,4552.4761
5863.1343,4552.4761
5863.1489,4544.0557
5863.1641,4543.0298
5863.1792,4514.4668
5863.1943,4489.8267
5863.2090,4486.5405
5863.2241,4471.8408
5863.2393,4471.8408
5863.2539,4565.9937
5863.2690,4585.4321
5863.2842,4566.2964
5863.2993,4545.1807
5863.3140,4562.5215
5863.3291,4686.9814
5863.3442,4686.9814
5863.3594,4651.7300
5863.3740,4641.1719
5863.3892,4645.6309
5863.4043,4651.8623
5863.4189,4648.6919
5863.4341,4603.1201
5863.4492,4603.1201
5863.4644,4498.3501
5863.4790,4456.2466
5863.4941,4489.8486
5863.5093,4549.0771
5863.5239,4549.2329
5863.5391,4563.3027
5863.5542,4563.3027
5863.5693,4545.2153
5863.5840,4535.9106
5863.5991,4524.9663
5863.6143,4500.6074
5863.6289,4500.6074
5863.6440,4510.2446
5863.6592,4510.6455
5863.6743,4370.4473
5863.6890,4280.9824
5863.7041,4380.5229
5863.7192,4662.0708
5863.7344,4662.0708
5863.7490,4647.3018
5863.7642,4645.8818
5863.7793,4581.2720
5863.7939,4531.2759
5863.8091,4517.9424
5863.8242,4469.4229
5863.8394,4469.4229
5863.8540,4434.6318
5863.8691,4429.3286
5863.8843,4525.2441
5863.8989,4613.6973
5863.9141,4605.4502
5863.9292,4566.0557
5863.9443,4566.0557
5863.9590,4582.8672
5863.9741,4586.4014
5863.9893,4479.9634
5864.0039,4364.6021
5864.0190,4376.3394
5864.0342,4452.3213
5864.0493,4452.3213
5864.0640,4431.3384
5864.0791,4425.6958
5864.0942,4436.6240
5864.1094,4450.3813
5864.1240,4456.9053
5864.1392,4517.1665
5864.1543,4517.1665
5864.1689,4532.4170
5864.1841,4537.4189
5864.1992,4535.3364
5864.2144,4532.3228
5864.2290,4528.3481
5864.2441,4470.9268
5864.2593,4470.9268
5864.2739,4399.6216
5864.2891,4372.0454
5864.3042,4367.8496
5864.3193,4360.9414
5864.3340,4366.7871
5864.3491,4528.1816
5864.3643,4528.1816
5864.3789,4546.8926
5864.3940,4555.2051
5864.4092,4524.0317
5864.4243,4466.1899
5864.4390,4466.9224
5864.4541,4553.8628
5864.4692,4553.8628
5864.4844,4535.8115
5864.4990,4526.7935
5864.5142,4492.2104
5864.5293,4420.6191
5864.5439,4420.6191
5864.5591,4595.0806
5864.5742,4597.7495
5864.5894,4531.7354
5864.6040,4495.3218
5864.6191,4514.2783
5864.6343,4557.5938
5864.6489,4557.5938
5864.6641,4526.4536
5864.6792,4525.3140
5864.6943,4617.8687
5864.7090,4673.3271
5864.7241,4614.5430
5864.7393,4467.9966
5864.7539,4467.9966
5864.7690,4619.9819
5864.7842,4628.3828
5864.7993,4612.0747
5864.8140,4601.6177
5864.8291,4584.9961
5864.8442,4540.3613
5864.8594,4540.3613
5864.8740,4590.0044
5864.8892,4593.5273
5864.9043,4624.5864
5864.9189,4645.5977
5864.9341,4591.8530
5864.9492,4438.5527
5864.9644,4438.5527
5864.9790,4600.6143
5864.9941,4614.1274
5865.0093,4612.1421
5865.0239,4610.7441
5865.0391,4597.0791
5865.0542,4556.3022
5865.0693,4556.3022
5865.0840,4591.5195
5865.0991,4594.7695
5865.1143,4586.9277
5865.1289,4581.2578
5865.1440,4556.3789
5865.1592,4479.9609
5865.1743,4479.9609
5865.1890,4557.3833
5865.2041,4564.9302
5865.2192,4551.0596
5865.2344,4540.8950
5865.2490,4534.7017
5865.2642,4515.4497
5865.2793,4515.4497
5865.2939,4592.5508
5865.3091,4600.1729
5865.3242,4595.8931
5865.3394,4592.7559
5865.3540,4579.8916
5865.3691,4540.1128
5865.3843,4540.1128
5865.3989,4539.9497
5865.4141,4539.9341
5865.4292,4593.3149
5865.4443,4631.9507
5865.4590,4607.0708
5865.4741,4531.8438
5865.4893,4531.8438
5865.5039,4515.0142
5865.5190,4513.4966
5865.5342,4543.7783
5865.5493,4565.1357
5865.5640,4559.7178
5865.5791,4543.9634
5865.5942,4543.9634
5865.6094,4520.7183
5865.6240,4518.8530
5865.6392,4431.7480
5865.6543,4372.6782
5865.6689,4418.4277
5865.6841,4544.3887
5865.6992,4544.3887
5865.7144,4596.3423
5865.7290,4599.8164
5865.7441,4568.0493
5865.7593,4547.6167
5865.7739,4569.3872
5865.7891,4625.3232
5865.8042,4625.3232
5865.8193,4513.7734
5865.8340,4508.1641
5865.8491,4516.6841
5865.8643,4521.8081
5865.8789,4515.9683
5865.8940,4502.1519
5865.9092,4502.1519
5865.9243,4520.9038
5865.9390,4521.4819
5865.9541,4485.5215
5865.9692,4465.5986
5865.9844,4455.0044
5865.9990,4432.2021
5866.0142,4432.2021
5866.0293,4560.2954
5866.0439,4561.4189
5866.0591,4510.6050
5866.0742,4485.0923
5866.0894,4518.0273
5866.1040,4581.8066
5866.1191,4583.2446
5866.1343,4673.4658
5866.1489,4673.4658
5866.1641,4559.7827
5866.1792,4508.9932
5866.1943,4493.9502
5866.2090,4468.0107
5866.2241,4471.4180
5866.2393,4546.7456
5866.2539,4546.7456
5866.2690,4486.0591
5866.2842,4462.4404
5866.2993,4437.4854
5866.3140,4399.5449
5866.3291,4396.5205
5866.3442,4358.7002
5866.3594,4358.7002
5866.3740,4417.9810
5866.3892,4437.5635
5866.4043,4392.8071
5866.4189,4333.4019
5866.4341,4293.3218
5866.4492,3962.4038
5866.4644,3962.4038
5866.4790,3743.9397
5866.4941,3684.7202
5866.5093,3628.4082
5866.5239,3563.8269
5866.5391,3565.8503
5866.5542,3577.7603
5866.5693,3577.7603
5866.5840,3840.1238
5866.5991,3895.7817
5866.6143,4036.4792
5866.6289,4174.3271
5866.6440,4198.8149
5866.6592,4306.2671
5866.6743,4306.2671
5866.6890,4404.6821
5866.7041,4419.8525
5866.7192,4499.3091
5866.7344,4564.9434
5866.7490,4535.8877
5866.7642,4438.1646
5866.7793,4438.1646
5866.7939,4540.8706
5866.8091,4550.8931
5866.8242,4524.2939
5866.8394,4506.0649
5866.8540,4540.8979
5866.8691,4632.2812
5866.8843,4632.2812
5866.8989,4633.1733
5866.9141,4633.2114
5866.9292,4538.1602
5866.9443,4485.2231
5866.9590,4529.0122
5866.9741,4619.5537
5866.9893,4619.3223
5867.0039,4596.4668
5867.0190,4596.4668
5867.0342,4545.8345
5867.0493,4523.5537
5867.0640,4514.2520
5867.0791,4499.0215
5867.0942,4504.8740
5867.1094,4590.0415
5867.1240,4590.0415
5867.1392,4560.5068
5867.1543,4550.6494
5867.1689,4473.1533
5867.1841,4372.7417
5867.1992,4389.2432
5867.2144,4508.2388
5867.2290,4508.2388
5867.2441,4439.6143
5867.2593,4423.3418
5867.2739,4488.3032
5867.2891,4554.5176
5867.3042,4548.1953
5867.3193,4519.8706
5867.3340,4519.8706
5867.3491,4550.2705
5867.3643,4554.8096
5867.3789,4583.1577
5867.3940,4605.6074
5867.4092,4597.0635
5867.4243,4570.9316
5867.4390,4570.9316
5867.4541,4489.9395
5867.4692,4484.3154
5867.4844,4458.2041
5867.4990,4442.4780
5867.5142,4433.4595
5867.5293,4413.7119
5867.5439,4412.9858
5867.5591,4190.8081
5867.5742,4190.8081
5867.5894,4107.8262
5867.6040,4071.1287
5867.6191,4067.8347
5867.6343,4062.5471
5867.6489,4055.7263
5867.6641,3971.1929
5867.6792,3971.1929
5867.6943,4233.7876
5867.7090,4314.0747
5867.7241,4302.0176
5867.7393,4287.7144
5867.7539,4300.2930
5867.7690,4371.9736
5867.7842,4371.9736
5867.7993,4701.8638
5867.8140,4763.9814
5867.8291,4681.0840
5867.8442,4608.7876
5867.8594,4594.2339
5867.8740,4544.7070
5867.8892,4544.7070
5867.9043,4525.2559
5867.9189,4523.5747
5867.9341,4578.5513
5867.9492,4613.0938
5867.9644,4598.1851
5867.9790,4564.7173
5867.9941,4564.3184
5868.0093,4409.9287
5868.0239,4409.9287
5868.0391,4535.3228
5868.0542,4589.7466
5868.0693,4563.4077
5868.0840,4522.6333
5868.0991,4511.6641
5868.1143,4397.8765
5868.1289,4397.8765
5868.1440,4542.4302
5868.1592,4582.3130
5868.1743,4588.5586
5868.1890,4595.3262
5868.2041,4583.1133
5868.2192,4526.1299
5868.2344,4526.1299
5868.2490,4595.1484
5868.2642,4605.1523
5868.2793,4493.4419
5868.2939,4409.3979
5868.3091,4454.1538
5868.3242,4576.2188
5868.3394,4576.2188
5868.3540,4552.1206
5868.3691,4551.2793
5868.3843,4502.9429
5868.3989,4478.5498
5868.4141,4562.4170
5868.4292,4709.3955
5868.4443,4699.2534
5868.4590,4546.7534
5868.4741,4546.7534
5868.4893,4514.5864
5868.5039,4504.5269
5868.5190,4524.4897
5868.5342,4547.7793
5868.5493,4545.2075
5868.5640,4531.8740
5868.5791,4531.8740
5868.5942,4506.7847
5868.6094,4502.7734
5868.6240,4526.1421
5868.6392,4544.2793
5868.6543,4551.1636
5868.6689,4570.3350
5868.6841,4570.3350
5868.6992,4563.4863
5868.7144,4563.2437
5868.7290,4552.4536
5868.7441,4547.0835
5868.7593,4573.7637
5868.7739,4619.1948
5868.7891,4615.8081
5868.8042,4572.5664
5868.8193,4572.5664
5868.8340,4605.1953
5868.8491,4614.6343
5868.8643,4586.1836
5868.8789,4555.2363
5868.8940,4538.2559
5868.9092,4462.2949
5868.9243,4462.2949
5868.9390,4490.5645
5868.9541,4494.1738
5868.9692,4511.2266
5868.9844,4523.0176
5868.9990,4528.2129
5869.0142,4540.5693
5869.0293,4540.5684
5869.0439,4539.9312
5869.0591,4539.9312
5869.0742,4595.8394
5869.0894,4619.0459
5869.1040,4587.5522
5869.1191,4542.7056
5869.1343,4553.6230
5869.1489,4634.6201
5869.1641,4634.6201
5869.1792,4482.8340
5869.1943,4450.7178
5869.2090,4473.4282
5869.2241,4493.3813
5869.2393,4476.9092
5869.2539,4424.6401
5869.2690,4424.6401
5869.2842,4506.0908
5869.2993,4510.6230
5869.3140,4452.3970
5869.3291,4421.7720
5869.3442,4455.8403
5869.3594,4515.4424
5869.3740,4525.4561
5869.3892,4653.6543
5869.4043,4653.6543
5869.4189,4578.5479
5869.4341,4557.5557
5869.4492,4579.6016
5869.4644,4602.4531
5869.4790,4606.5752
5869.4941,4622.9766
5869.5093,4622.9766
5869.5239,4584.7495
5869.5391,4581.0161
5869.5542,4525.3789
5869.5693,4491.5068
5869.5840,4544.5449
5869.5991,4651.0288
5869.6143,4645.1440
5869.6289,4516.5068
5869.6440,4516.5068
5869.6592,4456.4458
5869.6743,4436.9946
5869.6890,4419.8799
5869.7041,4400.3740
5869.7192,4412.5952
5869.7344,4468.3813
5869.7490,4468.3813
5869.7642,4476.2915
5869.7793,4477.2451
5869.7939,4427.1040
5869.8091,4394.4312
5869.8242,4426.3726
5869.8394,4494.5952
5869.8540,4494.5630
5869.8691,4493.6069
5869.8843,4493.6069
5869.8989,4466.3359
5869.9141,4457.0908
5869.9292,4473.1094
5869.9443,4491.8135
5869.9590,4519.2881
5869.9741,4647.7510
5869.9893,4647.7510
5870.0039,4533.2197
5870.0190,4519.2686
5870.0342,4514.4668
5870.0493,4511.3579
5870.0640,4535.1880
5870.0791,4585.1465
5870.0942,4578.9229
5870.1094,4426.6123
5870.1240,4426.6123
5870.1392,4539.7993
5870.1543,4576.3462
5870.1689,4559.5356
5870.1841,4540.8022
5870.1992,4559.3140
5870.2144,4638.0596
5870.2290,4638.0596
5870.2441,4496.0747
5870.2593,4481.7041
5870.2739,4519.2661
5870.2891,4541.6885
5870.3042,4598.8276
5870.3193,4707.4688
5870.3340,4709.6411
5870.3491,4741.6753
5870.3643,4741.6753
5870.3789,4725.2959
5870.3940,4720.7485
5870.4092,4682.6118
5870.4243,4644.8154
5870.4390,4610.8467
5870.4541,4491.9097
5870.4692,4491.9097
5870.4844,4486.3267
5870.4990,4485.9854
5870.5142,4528.6230
5870.5293,4550.2891
5870.5439,4513.9600
5870.5591,4455.6973
5870.5742,4476.8848
5870.5894,4656.6768
5870.6040,4656.6768
5870.6191,4645.3950
5870.6343,4643.0371
5870.6489,4597.0361
5870.6641,4559.2808
5870.6792,4544.6753
5870.6943,4505.5166
5870.7090,4505.5166
5870.7241,4675.2300
5870.7393,4676.1743
5870.7539,4603.4883
5870.7690,4574.8877
5870.7842,4520.0156
5870.7993,4450.5049
5870.8140,4481.0098
5870.8291,4635.3359
5870.8442,4635.3359
5870.8594,4540.6670
5870.8740,4528.8818
5870.8892,4550.7612
5870.9043,4564.5225
5870.9189,4602.2817
5870.9341,4675.9492
5870.9492,4669.5024
5870.9644,4575.5332
5870.9790,4575.5332
5870.9941,4627.8525
5871.0093,4641.7686
5871.0239,4626.3462
5871.0391,4611.8774
5871.0542,4585.1318
5871.0693,4501.5283
5871.0840,4501.5283
5871.0991,4568.3716
5871.1143,4570.4990
5871.1289,4584.8159
5871.1440,4591.0605
5871.1592,4582.7847
5871.1743,4571.5317
5871.1890,4591.8774
5871.2041,4705.6836
5871.2192,4705.6836
5871.2344,4631.6782
5871.2490,4621.5757
5871.2642,4635.2490
5871.2793,4644.0469
5871.2939,4588.2241
5871.3091,4478.6113
5871.3242,4479.3770
5871.3394,4490.0771
5871.3540,4490.0771
5871.3691,4520.1777
5871.3843,4527.8721
5871.3989,4536.0034
5871.4141,4543.3179
5871.4292,4533.1924
5871.4443,4503.8965
5871.4590,4503.8965
5871.4741,4779.0713
5871.4893,4782.5225
5871.5039,4512.9150
5871.5190,4407.4097
5871.5342,4504.6616
5871.5493,4623.4180
5871.5640,4620.4956
5871.5791,4607.3682
5871.5942,4607.3682
5871.6094,4629.7622
5871.6240,4631.8618
5871.6392,4522.8589
5871.6543,4463.3496
5871.6689,4525.2637
5871.6841,4626.3711
5871.6992,4613.8872
5871.7144,4515.9785
5871.7290,4515.9785
5871.7441,4603.4141
5871.7593,4619.2388
5871.7739,4623.3188
5871.7891,4626.2642
5871.8042,4602.3560
5871.8193,4550.4033
5871.8340,4558.6211
5871.8491,4715.0586
5871.8643,4715.0586
5871.8789,4513.7773
5871.8940,4458.6558
5871.9092,4581.3042
5871.9243,4694.2939
5871.9390,4705.6104
5871.9541,4738.4404
5871.9692,4738.4404
5871.9844,4502.7432
5871.9990,4500.9697
5872.0142,4544.8291
5872.0293,4561.1260
5872.0439,4590.7622
5872.0591,4624.7202
5872.0742,4639.2856
5872.0894,4696.3623
5872.1040,4696.3623
5872.1191,4541.8613
5872.1343,4532.1680
5872.1489,4614.9531
5872.1641,4654.0942
5872.1792,4686.8291
5872.1943,4732.5288
5872.2090,4697.3008
5872.2241,4506.8481
5872.2393,4506.8481
5872.2539,4511.6772
5872.2690,4512.2422
5872.2842,4530.3818
5872.2993,4540.8232
5872.3140,4584.3174
5872.3291,4656.9624
5872.3442,4652.8003
5872.3594,4620.6772
5872.3740,4620.6772
5872.3892,4608.1626
5872.4043,4606.0444
5872.4189,4568.2896
5872.4341,4542.7163
5872.4492,4551.3442
5872.4644,4568.2832
5872.4790,4568.7520
5872.4941,4574.2065
5872.5093,4574.2065
5872.5239,4651.3428
5872.5391,4668.1470
5872.5542,4746.7148
5872.5693,4807.5762
5872.5840,4769.3228
5872.5991,4682.6616
5872.6143,4677.1069
5872.6289,4570.0713
5872.6440,4570.0713
5872.6592,4561.7231
5872.6743,4559.5415
5872.6890,4637.3521
5872.7041,4704.5381
5872.7192,4671.0586
5872.7344,4585.3232
5872.7490,4585.4370
5872.7642,4589.8032
5872.7793,4589.8032
5872.7939,4625.9727
5872.8091,4636.7573
5872.8242,4619.6602
5872.8394,4603.5967
5872.8540,4618.5635
5872.8691,4660.8867
5872.8843,4660.7231
5872.8989,4638.3975
5872.9141,4638.3975
5872.9292,4584.2681
5872.9443,4566.5737
5872.9590,4609.7017
5872.9741,4652.7637
5872.9893,4618.2451
5873.0039,4513.2886
5873.0190,4513.2886
5873.0342,4591.1860
5873.0493,4591.5806
5873.0640,4551.0322
5873.0791,4536.9912
5873.0942,4523.9346
5873.1094,4510.3989
5873.1240,4513.4229
5873.1392,4523.0220
5873.1543,4523.0220
5873.1689,4579.8701
5873.1841,4580.5322
5873.1992,4396.0181
5873.2144,4330.4380
5873.2290,4302.6504
5873.2441,4273.4307
5873.2593,4238.3696
5873.2739,4125.7778
5873.2891,4125.7778
5873.3042,4233.4062
5873.3193,4234.7305
5873.3340,4275.6499
5873.3491,4290.1323
5873.3643,4365.8545
5873.3789,4444.7588
5873.3940,4471.3135
5873.4092,4554.8569
5873.4243,4554.8569
5873.4390,4566.4526
5873.4541,4566.5337
5873.4692,4590.8301
5873.4844,4599.1353
5873.4990,4525.3628
5873.5142,4450.9434
5873.5293,4482.1782
5873.5439,4575.5054
5873.5591,4576.2046
5873.5742,4747.6484
5873.5894,4747.6484
5873.6040,4695.8892
5873.6191,4679.3403
5873.6343,4641.6147
5873.6489,4605.6240
5873.6641,4600.7461
5873.6792,4587.2974
5873.6943,4588.7314
5873.7090,4655.8193
5873.7241,4655.8193
5873.7393,4555.8315
5873.7539,4526.9785
5873.7690,4536.8838
5873.7842,4545.6128
5873.7993,4506.1445
5873.8140,4408.2891
5873.8291,4412.2261
5873.8442,4498.5137
5873.8594,4498.5137
5873.8740,4466.7524
5873.8892,4458.8232
5873.9043,4475.2607
5873.9189,4488.3247
5873.9341,4506.5396
5873.9492,4546.2402
5873.9644,4555.5127
5873.9790,4674.6860
5873.9941,4674.6860
5874.0093,4576.1021
5874.0239,4555.9443
5874.0391,4582.5425
5874.0542,4601.1284
5874.0693,4594.6489
5874.0840,4582.4780
5874.0991,4582.9224
5874.1143,4586.6450
5874.1289,4586.6450
5874.1440,4607.8057
5874.1592,4611.0771
5874.1743,4645.7314
5874.1890,4666.4375
5874.2041,4650.0200
5874.2192,4623.9297
5874.2344,4622.0010
5874.2490,4610.7954
5874.2642,4610.7954
5874.2793,4603.0596
5874.2939,4602.2739
5874.3091,4552.2607
5874.3242,4527.5332
5874.3394,4513.3022
5874.3540,4494.5039
5874.3691,4504.0552
5874.3843,4544.0093
5874.3989,4544.0093
5874.4141,4618.1440
5874.4292,4621.6069
5874.4443,4599.2178
5874.4590,4590.4321
5874.4741,4616.0640
5874.4893,4643.6816
5874.5039,4656.8945
5874.5190,4697.6343
5874.5342,4696.3726
5874.5493,4554.2456
5874.5640,4554.2456
5874.5791,4479.1655
5874.5942,4457.1260
5874.6094,4516.1924
5874.6240,4566.9756
5874.6392,4573.5830
5874.6543,4588.8027
5874.6689,4598.3848
5874.6841,4729.5493
5874.6992,4729.5493
5874.7144,4721.5605
5874.7290,4719.9688
5874.7441,4588.3774
5874.7593,4500.6187
5874.7739,4523.3540
5874.7891,4562.6719
5874.8042,4567.3481
5874.8193,4597.7754
5874.8340,4597.7754
5874.8491,4623.9482
5874.8643,4626.8428
5874.8789,4622.3604
5874.8940,4620.1323
5874.9092,4621.2349
5874.9243,4622.6606
5874.9390,4591.6846
5874.9541,4470.9844
5874.9692,4470.9844
5874.9844,4741.3784
5874.9990,4748.9126
5875.0142,4646.8140
5875.0293,4611.2998
5875.0439,4647.0981
5875.0591,4681.3105
5875.0742,4661.8135
5875.0894,4611.9492
5875.1040,4610.2397
5875.1191,4578.5825
5875.1343,4578.5825
5875.1489,4518.5098
5875.1641,4505.4775
5875.1792,4563.5239
5875.1943,4603.4297
5875.2090,4584.8691
5875.2241,4552.4165
5875.2393,4550.9434
5875.2539,4541.5400
5875.2690,4541.5400
5875.2842,4630.9614
5875.2993,4640.0864
5875.3140,4605.9624
5875.3291,4589.8853
5875.3442,4573.7793
5875.3594,4554.2876
5875.3740,4529.7334
5875.3892,4445.4082
5875.4043,4445.4082
5875.4189,4475.2915
5875.4341,4475.3228
5875.4492,4547.5703
5875.4644,4568.8149
5875.4790,4578.7397
5875.4941,4586.9619
5875.5093,4605.5000
5875.5239,4644.6270
5875.5391,4628.9482
5875.5542,4481.9580
5875.5693,4481.9580
5875.5840,4469.4995
5875.5991,4467.6655
5875.6143,4422.0342
5875.6289,4397.1709
5875.6440,4403.3589
5875.6592,4411.7896
5875.6743,4426.5977
5875.6890,4485.9463
5875.7041,4485.9463
5875.7192,4304.7725
5875.7344,4300.3994
5875.7490,4400.4893
5875.7642,4433.2251
5875.7793,4416.9761
5875.7939,4402.6255
5875.8091,4435.5215
5875.8242,4509.1279
5875.8394,4492.2656
5875.8540,4315.5078
5875.8691,4315.5078
5875.8843,4419.1367
5875.8989,4435.2168
5875.9141,4472.0825
5875.9292,4492.4062
5875.9443,4495.0010
5875.9590,4498.5269
5875.9741,4509.4653
5875.9893,4552.2461
5876.0039,4552.2461
5876.0190,4595.7324
5876.0342,4596.4541
5876.0493,4484.6196
5876.0640,4450.0942
5876.0791,4511.6050
5876.0942,4562.9790
5876.1094,4578.4634
5876.1240,4610.4692
5876.1392,4605.0024
5876.1543,4559.6538
5876.1689,4559.6538
5876.1841,4526.0552
5876.1992,4521.8804
5876.2144,4466.0059
5876.2290,4438.7021
5876.2441,4530.8120
5876.2593,4641.4209
5876.2739,4572.9990
5876.2891,4353.1743
5876.3042,4356.2163
5876.3193,4499.8540
5876.3340,4499.8540
5876.3491,4443.1094
5876.3643,4429.3179
5876.3789,4444.8076
5876.3940,4455.6348
5876.4092,4508.6689
5876.4243,4597.7969
5876.4390,4609.5181
5876.4541,4672.0303
5876.4692,4672.0303
5876.4844,4615.0269
5876.4990,4611.5884
5876.5142,4577.2275
5876.5293,4564.4341
5876.5439,4511.3066
5876.5591,4461.2007
5876.5742,4475.5718
5876.5894,4508.9531
5876.6040,4508.2593
5876.6191,4501.0342
5876.6343,4501.0342
5876.6489,4485.5933
5876.6641,4483.3809
5876.6792,4543.5503
5876.6943,4574.2554
5876.7090,4585.1465
5876.7241,4598.4629
5876.7393,4593.7881
5876.7539,4578.8271
5876.7690,4579.1851
5876.7842,4592.2769
5876.7993,4592.2769
5876.8140,4610.2544
5876.8291,4614.3223
5876.8442,4615.3105
5876.8594,4615.9565
5876.8740,4641.6055
5876.8892,4680.9917
5876.9043,4676.6099
5876.9189,4657.2280
5876.9341,4657.2280
5876.9492,4672.8501
5876.9644,4673.2544
5876.9790,4586.0273
5876.9941,4559.3086
5877.0093,4605.7871
5877.0239,4642.8096
5877.0391,4617.3462
5877.0542,4569.6616
5877.0693,4558.0757
5877.0840,4486.8774
5877.0991,4486.8774
5877.1143,4639.8442
5877.1289,4650.9741
5877.1440,4684.9561
5877.1592,4697.8608
5877.1743,4678.1040
5877.1890,4659.7002
5877.2041,4641.0576
5877.2192,4599.7671
5877.2344,4583.6221
5877.2490,4445.6382
5877.2642,4445.6382
5877.2793,4593.0781
5877.2939,4609.6763
5877.3091,4556.3979
5877.3242,4532.8237
5877.3394,4617.1597
5877.3540,4705.6221
5877.3691,4706.1206
5877.3843,4707.3828
5877.3989,4699.5967
5877.4141,4608.5449
5877.4292,4608.5449
5877.4443,4585.1377
5877.4590,4581.7847
5877.4741,4608.4805
5877.4893,4621.5708
5877.5039,4635.9985
5877.5190,4652.4238
5877.5342,4629.8965
5877.5493,4567.3042
5877.5640,4579.3828
5877.5791,4761.9565
5877.5942,4761.9565
5877.6094,4681.2788
5877.6240,4668.1250
5877.6392,4572.3730
5877.6543,4522.5942
5877.6689,4512.4751
5877.6841,4500.4253
5877.6992,4521.9497
5877.7144,4584.7261
5877.7290,4577.0615
5877.7441,4444.2749
5877.7593,4444.2749
5877.7739,4388.4141
5877.7891,4378.8779
5877.8042,4316.3037
5877.8193,4283.2231
5877.8340,4360.5381
5877.8491,4453.3252
5877.8643,4378.1753
5877.8789,4158.9062
5877.8940,4170.0557
5877.9092,4356.7910
5877.9243,4356.7910
5877.9390,4338.2192
5877.9541,4335.1406
5877.9692,4462.6621
5877.9844,4528.4600
5877.9990,4541.9668
5878.0142,4557.7056
5878.0293,4583.7778
5878.0439,4656.3062
5878.0591,4654.7417
5878.0742,4633.0884
5878.0894,4633.0884
5878.1040,4579.9194
5878.1191,4572.0229
5878.1343,4528.5371
5878.1489,4507.5396
5878.1641,4582.9512
5878.1792,4665.1621
5878.1943,4668.2759
5878.2090,4676.1699
5878.2241,4683.6240
5878.2393,4761.2051
5878.2539,4761.2051
5878.2690,4600.6958
5878.2842,4581.4297
5878.2993,4603.9814
5878.3140,4613.7217
5878.3291,4554.5635
5878.3442,4496.4106
5878.3594,4563.0830
5878.3740,4711.0898
5878.3892,4715.1670
5878.4043,4745.8726
5878.4189,4745.8726
5878.4341,4765.5884
5878.4492,4767.2046
5878.4644,4610.8906
5878.4790,4553.5557
5878.4941,4590.1992
5878.5093,4621.4888
5878.5239,4622.9180
5878.5391,4625.6011
5878.5542,4631.1025
5878.5693,4660.8555
5878.5840,4660.8555
5878.5991,4551.5093
5878.6143,4547.5347
5878.6289,4731.6753
5878.6440,4785.3872
5878.6592,4645.5410
5878.6743,4545.8428
5878.6890,4546.2915
5878.7041,4546.9829
5878.7192,4531.0669
5878.7344,4469.0225
5878.7490,4471.7632
5878.7642,4653.0396
5878.7793,4653.0396
5878.7939,4600.0083
5878.8091,4588.8369
5878.8242,4646.1392
5878.8394,4678.7256
5878.8540,4674.1211
5878.8691,4668.4780
5878.8843,4635.5459
5878.8989,4542.5645
5878.9141,4548.2676
5878.9292,4619.4937
5878.9443,4619.4937
5878.9590,4576.0752
5878.9741,4570.5493
5878.9893,4629.4653
5879.0039,4654.6626
5879.0190,4686.8369
5879.0342,4717.2412
5879.0493,4690.0503
5879.0640,4634.3979
5879.0791,4635.0259
5879.0942,4638.7993
5879.1094,4638.7993
5879.1240,4561.3843
5879.1392,4557.9473
5879.1543,4649.2461
5879.1689,4676.1050
5879.1841,4675.6069
5879.1992,4675.2583
5879.2144,4668.8057
5879.2290,4659.2930
5879.2441,4645.5645
5879.2593,4597.0308
5879.2739,4596.9209
5879.2891,4594.0664
5879.3042,4594.0664
5879.3193,4679.2222
5879.3340,4693.7534
5879.3491,4569.3550
5879.3643,4508.5420
5879.3789,4557.0566
5879.3940,4607.6621
5879.4092,4592.6182
5879.4243,4558.7588
5879.4390,4541.5244
5879.4541,4422.1543
5879.4692,4422.1543
5879.4844,4470.2305
5879.4990,4473.0244
5879.5142,4391.0845
5879.5293,4365.8237
5879.5439,4422.2725
5879.5591,4462.4790
5879.5742,4428.9219
5879.5894,4379.4277
5879.6040,4412.9507
5879.6191,4528.7837
5879.6343,4522.4155
5879.6489,4387.9800
5879.6641,4387.9800
5879.6792,4451.7710
5879.6943,4461.6099
5879.7090,4573.8008
5879.7241,4624.7036
5879.7393,4639.6772
5879.7539,4654.0762
5879.7690,4680.2124
5879.7842,4732.7881
5879.7993,4704.6426
5879.8140,4550.8359
5879.8291,4550.8359
5879.8442,4614.1636
5879.8594,4615.6084
5879.8740,4498.6572
5879.8892,4469.6157
5879.9043,4591.3379
5879.9189,4664.4243
5879.9341,4624.1743
5879.9492,4574.7720
5879.9644,4534.9409
5879.9790,4429.1157
5879.9941,4439.7812
5880.0093,4537.5850
5880.0239,4537.5850
5880.0391,4506.5811
5880.0542,4504.0156
5880.0693,4417.5425
5880.0840,4388.5938
5880.0991,4375.3364
5880.1143,4365.5444
5880.1289,4358.3691
5880.1440,4347.6743
5880.1592,4395.0337
5880.1743,4555.1328
5880.1890,4548.2427
5880.2041,4430.7485
5880.2192,4430.7485
5880.2344,4384.9717
5880.2490,4378.8989
5880.2642,4403.3286
5880.2793,4413.2710
5880.2939,4521.8916
5880.3091,4614.8076
5880.3242,4573.2930
5880.3394,4501.8633
5880.3540,4502.3848
5880.3691,4504.5176
5880.3843,4502.8999
5880.3989,4442.0234
5880.4141,4442.0234
5880.4292,4538.4409
5880.4443,4554.7119
5880.4590,4587.3179
5880.4741,4602.2627
5880.4893,4653.2725
5880.5039,4701.0854
5880.5190,4657.4634
5880.5342,4575.3804
5880.5493,4571.8403
5880.5640,4555.5195
5880.5791,4555.4473
5880.5942,4548.1592
5880.6094,4548.1592
5880.6240,4566.6538
5880.6392,4570.1304
5880.6543,4560.4326
5880.6689,4555.7441
5880.6841,4602.0464
5880.6992,4647.1006
5880.7144,4618.5107
5880.7290,4562.9912
5880.7441,4572.5044
5880.7593,4617.8618
5880.7739,4618.3887
5880.7891,4691.1011
5880.8042,4691.1011
5880.8193,4559.1719
5880.8340,4534.3047
5880.8491,4539.4272
5880.8643,4541.8828
5880.8789,4640.8975
5880.8940,4735.6753
5880.9092,4666.6260
5880.9243,4536.2603
5880.9390,4570.6943
5880.9541,4725.5044
5880.9692,4724.7949
5880.9844,4686.1680
5880.9990,4686.1680
5881.0142,4641.1055
5881.0293,4633.4312
5881.0439,4688.2598
5881.0591,4712.7441
5881.0742,4714.4038
5881.0894,4715.8843
5881.1040,4682.0732
5881.1191,4623.5215
5881.1343,4619.8057
5881.1489,4605.3081
5881.1641,4603.5781
5881.1792,4564.4346
5881.1943,4564.4346
5881.2090,4612.4409
5881.2241,4618.9243
5881.2393,4557.0781
5881.2539,4533.0366
5881.2690,4483.9585
5881.2842,4445.3218
5881.2993,4438.2368
5881.3140,4427.5806
5881.3291,4378.2695
5881.3442,4221.7095
5881.3594,4223.9463
5881.3740,4249.6357
5881.3892,4249.6357
5881.4043,4452.2705
5881.4189,4469.6460
5881.4341,4519.8818
5881.4492,4535.5430
5881.4644,4650.3511
5881.4790,4725.6152
5881.4941,4730.8154
5881.5093,4737.2734
5881.5239,4706.0547
5881.5391,4629.0698
5881.5542,4624.0552
5881.5693,4590.8862
5881.5840,4590.8862
5881.5991,4571.9067
5881.6143,4571.4102
5881.6289,4581.4653
5881.6440,4583.7012
5881.6592,4668.6235
5881.6743,4711.9810
5881.6890,4612.9600
5881.7041,4516.4092
5881.7192,4603.7939
5881.7344,4765.3682
5881.7490,4723.8188
5881.7642,4553.4458
5881.7793,4561.6089
5881.7939,4750.1914
5881.8091,4750.1914
5881.8242,4610.5361
5881.8394,4592.7979
5881.8540,4605.1831
5881.8691,4609.6831
5881.8843,4609.6709
5881.8989,4609.6621
5881.9141,4612.8135
5881.9292,4617.0430
5881.9443,4611.6567
5881.9590,4597.4053
5881.9741,4599.9990
5881.9893,4618.6719
5882.0039,4618.6719
5882.0190,4712.7139
5882.0342,4715.6196
5882.0493,4596.8057
5882.0640,4570.4517
5882.0791,4694.1538
5882.0942,4755.8389
5882.1094,4725.4546
5882.1240,4697.0059
5882.1392,4670.8062
5882.1543,4625.4238
5882.1689,4615.0522
5882.1841,4577.3950
5882.1992,4569.0293
5882.2144,4451.1216
5882.2290,4451.1216
5882.2441,4636.0898
5882.2593,4652.8462
5882.2739,4712.2227
5882.2891,4730.1597
5882.3042,4654.9995
5882.3193,4608.8223
5882.3340,4635.3892
5882.3491,4665.1987
5882.3643,4668.6436
5882.3789,4675.8496
5882.3940,4664.5405
5882.4092,4611.5913
5882.4243,4616.2969
5882.4390,4774.2349
5882.4541,4774.2349
5882.4692,4761.5713
5882.4844,4759.8809
5882.4990,4593.4766
5882.5142,4533.7681
5882.5293,4636.1821
5882.5439,4707.3516
5882.5591,4745.2407
5882.5742,4792.6025
5882.5894,4828.5732
5882.6040,4912.8022
5882.6191,4877.1377
5882.6343,4681.8882
5882.6489,4682.4097
5882.6641,4733.9297
5882.6792,4733.9297
5882.6943,4726.8345
5882.7090,4725.7363
5882.7241,4688.6230
5882.7393,4674.3530
5882.7539,4788.6084
5882.7690,4871.6919
5882.7842,4809.0283
5882.7993,4727.9849
5882.8140,4674.2778
5882.8291,4544.9966
5882.8442,4562.7998
5882.8594,4662.6450
5882.8740,4663.0811
5882.8892,4708.3882
5882.9043,4708.3882
5882.9189,4610.2290
5882.9341,4595.3145
5882.9492,4613.0825
5882.9644,4619.7529
5882.9790,4576.6353
5882.9941,4546.2207
5883.0093,4540.8413
5883.0239,4534.1611
5883.0391,4534.4751
5883.0542,4535.1875
5883.0693,4563.6670
5883.0840,4706.1040
5883.0991,4702.6138
5883.1143,4579.0020
5883.1289,4579.0020
5883.1440,4614.0850
5883.1592,4618.4800
5883.1743,4512.2759
5883.1890,4476.9229
5883.2041,4454.4355
5883.2192,4440.1929
5883.2344,4550.6934
5883.2490,4673.0400
5883.2642,4666.3604
5883.2793,4653.2354
5883.2939,4619.6416
5883.3091,4485.5786
5883.3242,4496.4990
5883.3394,4656.6348
5883.3540,4656.6348
5883.3691,4507.0962
5883.3843,4495.4399
5883.3989,4554.6050
5883.4141,4570.1519
5883.4292,4542.1396
5883.4443,4527.4834
5883.4590,4617.8584
5883.4741,4700.7856
5883.4893,4732.6914
5883.5039,4783.2642
5883.5190,4717.3193
5883.5342,4522.1685
5883.5493,4538.4106
5883.5640,4659.0254
5883.5791,4659.0254
5883.5942,4567.5825
5883.6094,4566.2056
5883.6240,4593.3633
5883.6392,4598.0801
5883.6543,4604.1914
5883.6689,4606.5771
5883.6841,4611.0088
5883.6992,4614.1279
5883.7144,4579.2642
5883.7290,4537.4819
5883.7441,4459.4980
5883.7593,4296.2241
5883.7739,4261.5596
5883.7891,4115.6646
5883.8042,4093.6174
5883.8193,3754.8733
5883.8340,3754.8733
5883.8491,3486.3425
5883.8643,3466.3193
5883.8789,3294.7617
5883.8940,3252.0027
5883.9092,3233.4658
5883.9243,3224.3662
5883.9390,3357.8616
5883.9541,3470.9521
5883.9692,3686.4011
5883.9844,3993.3989
5883.9990,4049.1575
5884.0142,4189.8896
5884.0293,4211.9956
5884.0439,4332.0166
5884.0591,4336.8325
5884.0742,4506.0205
5884.0894,4506.0205
5884.1040,4618.0898
5884.1191,4630.5146
5884.1343,4451.1089
5884.1489,4398.4531
5884.1641,4371.6587
5884.1792,4356.9995
5884.1943,4524.9438
5884.2090,4679.9551
5884.2241,4669.7227
5884.2393,4653.9873
5884.2539,4653.4990
5884.2690,4652.1685
5884.2842,4654.4668
5884.2993,4668.2139
5884.3140,4669.4097
5884.3291,4733.1753
5884.3442,4733.1753
5884.3594,4658.5571
5884.3740,4649.7051
5884.3892,4526.9526
5884.4043,4490.2598
5884.4189,4480.5898
5884.4341,4475.2949
5884.4492,4554.2598
5884.4644,4626.3247
5884.4790,4605.8052
5884.4941,4575.0117
5884.5093,4537.0151
5884.5239,4438.0005
5884.5391,4432.3125
5884.5542,4401.3359
5884.5693,4405.1479
5884.5840,4515.7373
5884.5991,4515.7373
5884.6143,4602.7646
5884.6289,4611.1743
5884.6440,4604.5029
5884.6592,4602.7383
5884.6743,4549.1802
5884.6890,4522.8184
5884.7041,4637.7710
5884.7192,4731.8813
5884.7344,4669.4624
5884.7490,4586.6963
5884.7642,4637.1421
5884.7793,4749.2241
5884.7939,4738.2812
5884.8091,4691.9946
5884.8242,4689.5215
5884.8394,4657.8462
5884.8540,4657.8462
5884.8691,4645.3691
5884.8843,4644.7676
5884.8989,4524.1035
5884.9141,4500.4302
5884.9292,4613.3223
5884.9443,4657.5884
5884.9590,4716.0356
5884.9741,4754.8286
5884.9893,4683.0942
5885.0039,4606.6670
5885.0190,4673.3247
5885.0342,4787.9751
5885.0493,4720.4019
5885.0640,4519.3037
5885.0791,4511.1973
5885.0942,4459.5864
5885.1094,4463.2734
5885.1240,4640.6152
5885.1392,4640.6152
5885.1543,4693.3721
5885.1689,4698.8867
5885.1841,4653.2856
5885.1992,4641.2178
5885.2144,4687.7192
5885.2290,4709.9565
5885.2441,4677.8296
5885.2593,4652.8545
5885.2739,4654.5942
5885.2891,4656.7280
5885.3042,4658.4404
5885.3193,4661.8252
5885.3340,4710.0112
5885.3491,4877.6123
5885.3643,4860.3359
5885.3789,4721.8999
5885.3940,4721.8999
5885.4092,4632.8149
5885.4243,4632.7241
5885.4390,4625.4160
5885.4541,4624.4888
5885.4692,4604.6138
5885.4844,4598.8823
5885.4990,4586.7642
5885.5142,4580.6685
5885.5293,4592.6177
5885.5439,4602.2036
5885.5591,4573.8848
5885.5742,4538.5381
5885.5894,4594.5752
5885.6040,4705.7583
5885.6191,4684.9600
5885.6343,4613.6440
5885.6489,4616.8037
5885.6641,4640.6802
5885.6792,4640.7319
5885.6943,4646.8770
5885.7090,4646.8770
5885.7241,4573.7554
5885.7393,4565.6411
5885.7539,4611.0703
5885.7690,4622.9785
5885.7842,4720.6914
5885.7993,4765.6484
5885.8140,4674.0483
5885.8291,4607.1294
5885.8442,4636.9751
5885.8594,4670.4707
5885.8740,4615.5845
5885.8892,4520.0571
5885.9043,4547.0249
5885.9189,4624.1812
5885.9341,4611.6118
5885.9492,4542.2822
5885.9644,4546.0327
5885.9790,4619.8833
5885.9941,4619.8833
5886.0093,4705.7266
5886.0239,4710.8608
5886.0391,4513.4600
5886.0542,4475.6294
5886.0693,4558.7769
5886.0840,4588.7285
5886.0991,4487.8018
5886.1143,4428.9194
5886.1289,4402.4316
5886.1440,4378.7822
5886.1592,4422.3335
5886.1743,4481.1504
5886.1890,4475.8223
5886.2041,4464.6528
5886.2192,4478.2788
5886.2344,4526.3530
5886.2490,4527.3521
5886.2642,4534.7388
5886.2793,4536.6333
5886.2939,4641.3486
5886.3091,4641.3486
5886.3242,4385.9307
5886.3394,4362.7524
5886.3540,4560.8198
5886.3691,4605.4180
5886.3843,4450.2842
5886.3989,4388.7534
5886.4141,4477.1626
5886.4292,4532.2329
5886.4443,4520.7012
5886.4590,4509.9165
5886.4741,4568.2495
5886.4893,4649.5796
5886.5039,4624.1851
5886.5190,4569.9692
5886.5342,4564.3042
5886.5493,4544.2974
5886.5640,4547.8599
5886.5791,4573.3179
5886.5942,4572.5298
5886.6094,4542.0400
5886.6240,4542.0400
5886.6392,4367.3643
5886.6543,4353.8203
5886.6689,4406.1802
5886.6841,4416.8096
5886.6992,4519.4780
5886.7144,4556.5225
5886.7290,4572.6426
5886.7441,4581.7559
5886.7593,4607.0815
5886.7739,4628.3809
5886.7891,4599.8740
5886.8042,4564.7383
5886.8193,4620.6523
5886.8340,4723.1172
5886.8491,4697.2671
5886.8643,4623.1313
5886.8789,4590.8345
5886.8940,4426.6992
5886.9092,4437.7358
5886.9243,4582.8623
5886.9390,4582.8623
5886.9541,4625.7783
5886.9692,4626.7744
5886.9844,4459.3740
5886.9990,4437.4795
5887.0142,4454.9814
5887.0293,4459.5850
5887.0439,4661.4692
5887.0591,4748.1885
5887.0742,4622.6631
5887.0894,4541.6245
5887.1040,4547.2749
5887.1191,4552.5698
5887.1343,4593.1152
5887.1489,4647.9365
5887.1641,4603.0708
5887.1792,4513.7915
5887.1943,4540.3516
5887.2090,4622.5781
5887.2241,4632.4790
5887.2393,4686.7803
5887.2539,4682.7876
5887.2690,4625.0352
5887.2842,4625.0352
5887.2993,4661.7764
5887.3140,4662.6992
5887.3291,4594.9092
5887.3442,4586.2471
5887.3594,4717.7202
5887.3740,4750.9399
5887.3892,4579.5654
5887.4043,4509.6577
5887.4189,4561.0571
5887.4341,4592.2109
5887.4492,4581.2510
5887.4644,4571.7388
5887.4790,4496.1035
5887.4941,4403.0879
5887.5093,4365.4346
5887.5239,4299.0645
5887.5391,4352.0928
5887.5542,4491.3018
5887.5693,4506.4116
5887.5840,4570.7822
5887.5991,4577.8457
5887.6143,4638.2139
5887.6289,4636.5493
5887.6440,4554.0454
5887.6592,4554.0454
5887.6743,4576.9858
5887.6890,4578.5757
5887.7041,4517.3130
5887.7192,4506.5840
5887.7344,4712.9321
5887.7490,4775.5698
5887.7642,4668.6660
5887.7793,4619.2051
5887.7939,4587.2593
5887.8091,4566.0166
5887.8242,4588.7095
5887.8394,4609.8311
5887.8540,4601.7373
5887.8691,4591.2520
5887.8843,4570.5239
5887.8989,4532.6484
5887.9141,4523.3672
5887.9292,4498.5469
5887.9443,4478.8057
5887.9590,4395.1851
5887.9741,4397.4565
5887.9893,4415.7915
5888.0039,4422.3447
5888.0190,4635.5742
5888.0342,4635.5742
5888.0493,4578.3452
5888.0640,4575.3208
5888.0791,4612.6201
5888.0942,4618.1851
5888.1094,4437.4370
5888.1240,4389.6558
5888.1392,4415.1904
5888.1543,4425.5166
5888.1689,4448.6328
5888.1841,4462.0029
5888.1992,4530.7485
5888.2144,4585.7671
5888.2290,4516.2637
5888.2441,4440.2817
5888.2593,4441.7822
5888.2739,4444.0288
5888.2891,4461.7773
5888.3042,4498.9038
5888.3193,4520.7046
5888.3340,4587.2188
5888.3491,4597.0786
5888.3643,4644.9932
5888.3789,4631.2021
5888.3940,4499.5908
5888.4092,4498.6904
5888.4243,4453.2183
5888.4390,4453.2183
5888.4541,4605.2026
5888.4692,4614.1558
5888.4844,4437.6504
5888.4990,4411.2070
5888.5142,4443.2979
5888.5293,4451.5518
5888.5439,4576.5557
5888.5591,4624.8032
5888.5742,4470.5850
5888.5894,4386.8125
5888.6040,4498.8970
5888.6191,4581.7881
5888.6343,4470.4126
5888.6489,4359.9741
5888.6641,4435.4146
5888.6792,4535.5239
5888.6943,4536.1045
5888.7090,4537.1470
5888.7241,4571.9121
5888.7393,4658.6426
5888.7539,4622.4082
5888.7690,4490.0493
5888.7842,4459.4995
5888.7993,4278.0195
5888.8140,4274.7412
5888.8291,4233.4883
5888.8442,4234.1255
5888.8594,4413.0161
5888.8740,4413.0161
5888.8892,4230.9775
5888.9043,4218.0840
5888.9189,4333.5518
5888.9341,4351.6426
5888.9492,4322.6895
5888.9644,4315.2515
5888.9790,4211.2393
5888.9941,4172.1958
5889.0093,4263.5234
5889.0239,4310.7993
5889.0391,4280.2695
5889.0542,4259.1528
5889.0693,4327.6831
5889.0840,4390.0000
5889.0991,4433.1318
5889.1143,4484.4365
5889.1289,4316.7192
5889.1440,4054.5010
5889.1592,4098.5991
5889.1743,4190.6680
5889.1890,4189.1294
5889.2041,4184.7041
5889.2192,4196.5498
5889.2344,4246.2378
5889.2490,4224.5967
5889.2642,4076.3870
5889.2793,4078.0676
5889.2939,4103.1909
5889.3091,4103.1909
5889.3242,4147.1694
5889.3394,4147.2412
5889.3540,4032.3806
5889.3691,4024.3196
5889.3843,4007.5969
5889.3989,4005.1169
5889.4141,3830.7021
5889.4292,3789.1707
5889.4443,3877.1279
5889.4590,3907.2532
5889.4741,3753.1055
5889.4893,3681.3840
5889.5039,3678.9556
5889.5190,3677.4700
5889.5342,3674.8374
5889.5493,3672.7590
5889.5640,3588.6794
5889.5791,3503.7632
5889.5942,3466.3743
5889.6094,3418.1348
5889.6240,3341.6465
5889.6392,3214.7883
5889.6543,3191.0354
5889.6689,3139.6294
5889.6841,3130.9995
5889.6992,3105.9585
5889.7144,3065.1919
5889.7290,2898.9780
5889.7441,2878.9954
5889.7593,2754.1721
5889.7739,2738.0745
5889.7891,2551.4775
5889.8042,2547.6414
5889.8193,2370.7278
5889.8340,2370.7278
5889.8491,2054.3442
5889.8643,2042.3292
5889.8789,1700.8405
5889.8940,1665.4043
5889.9092,1403.9742
5889.9243,1357.4565
5889.9390,1059.9788
5889.9541,981.98761
5889.9692,760.40070
5889.9844,680.92175
5889.9990,613.84161
5890.0142,582.29138
5890.0293,609.55951
5890.0439,625.94769
5890.0591,638.66382
5890.0742,648.27679
5890.0894,672.28589
5890.1040,694.91949
5890.1191,860.71301
5890.1343,1055.0347
5890.1489,1193.1895
5890.1641,1394.9668
5890.1792,1508.5894
5890.1943,1716.9972
5890.2090,1841.3879
5890.2241,2132.1470
5890.2393,2183.0859
5890.2539,2338.5364
5890.2690,2382.2239
5890.2842,2563.2942
5890.2993,2582.5054
5890.3140,2698.2747
5890.3291,2718.2454
5890.3442,2918.5598
5890.3594,2925.3513
5890.3740,3091.0332
5890.3892,3091.0332
5890.4043,3042.4448
5890.4189,3041.8787
5890.4341,3393.4885
5890.4492,3416.7429
5890.4644,3470.4253
5890.4790,3477.2073
5890.4941,3486.1934
5890.5093,3487.9294
5890.5239,3488.0364
5890.5391,3488.0649
5890.5542,3450.2432
5890.5693,3436.9377
5890.5840,3590.2239
5890.5991,3658.7166
5890.6143,3798.1790
5890.6289,3875.6230
5890.6440,3898.2415
5890.6592,3913.6284
5890.6743,3987.1042
5890.6890,4047.7815
5890.7041,3974.7986
5890.7192,3902.0054
5890.7344,3985.1626
5890.7490,4085.1780
5890.7642,4098.6543
5890.7793,4118.2319
5890.7939,4196.5923
5890.8091,4334.8159
5890.8242,4267.5391
5890.8394,4122.1089
5890.8540,4129.8281
5890.8691,4150.5762
5890.8843,4146.6885
5890.8989,4133.4062
5890.9141,4142.7773
5890.9292,4184.8809
5890.9443,4201.5024
5890.9590,4305.2520
5890.9741,4311.3550
5890.9893,4369.8364
5891.0039,4365.4243
5891.0190,4283.8091
5891.0342,4283.8911
5891.0493,4293.5024
5891.0640,4293.5024
5891.0791,4347.8979
5891.0942,4349.8101
5891.1094,4306.1890
5891.1240,4302.6006
5891.1392,4355.8691
5891.1543,4362.9731
5891.1689,4183.1455
5891.1841,4149.1597
5891.1992,4005.5625
5891.2144,3969.6982
5891.2290,4021.3215
5891.2441,4037.6553
5891.2593,4144.6421
5891.2739,4186.3462
5891.2891,4160.6572
5891.3042,4148.5562
5891.3193,4173.9639
5891.3340,4188.2285
5891.3491,4224.5771
5891.3643,4248.6616
5891.3789,4129.9658
5891.3940,4037.7920
5891.4092,4270.2773
5891.4243,4480.8828
5891.4390,4445.3691
5891.4541,4407.9414
5891.4692,4490.1880
5891.4844,4590.9341
5891.4990,4498.2690
5891.5142,4366.2446
5891.5293,4376.3594
5891.5439,4393.1631
5891.5591,4445.9380
5891.5742,4548.6157
5891.5894,4535.0952
5891.6040,4504.0825
5891.6191,4507.0684
5891.6343,4515.2188
5891.6489,4503.4595
5891.6641,4464.7515
5891.6792,4456.1309
5891.6943,4421.2739
5891.7090,4431.1982
5891.7241,4481.8115
5891.7393,4454.7480
5891.7539,4273.5972
5891.7690,4291.7085
5891.7842,4461.4551
5891.7993,4454.1899
5891.8140,4346.5479
5891.8291,4342.7114
5891.8442,4220.4604
5891.8594,4220.4604
5891.8740,4288.5264
5891.8892,4288.6616
5891.9043,4221.0952
5891.9189,4218.7163
5891.9341,4272.0010
5891.9492,4275.7451
5891.9644,4324.1221
5891.9790,4329.3130
5891.9941,4436.4736
5892.0093,4452.1709
5892.0239,4391.6455
5892.0391,4380.2666
5892.0542,4538.5054
5892.0693,4575.2256
5892.0840,4598.1064
5892.0991,4604.4873
5892.1143,4565.8965
5892.1289,4553.2124
5892.1440,4627.9658
5892.1592,4656.5083
5892.1743,4464.4395
5892.1890,4380.2026
5892.2041,4416.2236
5892.2192,4434.2100
5892.2344,4488.8750
5892.2490,4519.7319
5892.2642,4535.0527
5892.2793,4544.7739
5892.2939,4584.3750
5892.3091,4612.4922
5892.3242,4582.6313
5892.3394,4558.9946
5892.3540,4588.5420
5892.3691,4614.5420
5892.3843,4593.1357
5892.3989,4572.2446
5892.4141,4521.6304
5892.4292,4466.9360
5892.4443,4476.6250
5892.4590,4488.2046
5892.4741,4520.8076
5892.4893,4563.8726
5892.5039,4552.4639
5892.5190,4535.8110
5892.5342,4523.3745
5892.5493,4503.3105
5892.5640,4562.0137
5892.5791,4666.7720
5892.5942,4576.8252
5892.6094,4399.0591
5892.6240,4466.1001
5892.6392,4613.0908
5892.6543,4526.7314
5892.6689,4316.1807
5892.6841,4303.0166
5892.6992,4267.2227
5892.7144,4244.4087
5892.7290,4174.9644
5892.7441,4150.3369
5892.7593,4066.0305
5892.7739,4045.0637
5892.7891,3963.8811
5892.8042,3937.6345
5892.8193,3821.8713
5892.8340,3808.7585
5892.8491,3742.2913
5892.8643,3709.2695
5892.8789,3514.7344
5892.8940,3456.6147
5892.9092,3052.8831
5892.9243,3047.7446
5892.9390,3004.8416
5892.9541,2998.9722
5892.9692,2938.4866
5892.9844,2965.7383
5892.9990,3325.9036
5893.0142,3356.4072
5893.0293,3905.6458
5893.0439,3911.4373
5893.0591,4069.8184
5893.0742,4074.5261
5893.0894,4326.7085
5893.1040,4326.9980
5893.1191,4491.0654
5893.1343,4491.0654
5893.1489,4639.2881
5893.1641,4641.4565
5893.1792,4575.0654
5893.1943,4572.9976
5893.2090,4632.0088
5893.2241,4634.8291
5893.2393,4506.0107
5893.2539,4497.6973
5893.2690,4483.2280
5893.2842,4482.0508
5893.2993,4446.0171
5893.3140,4442.4751
5893.3291,4480.8311
5893.3442,4485.2515
5893.3594,4438.3467
5893.3740,4432.1431
5893.3892,4594.6201
5893.4043,4618.8750
5893.4189,4454.1348
5893.4341,4426.7393
5893.4492,4539.5308
5893.4644,4560.2026
5893.4790,4710.2798
5893.4941,4740.3252
5893.5093,4790.3555
5893.5239,4801.2139
5893.5391,4608.4937
5893.5542,4563.4419
5893.5693,4558.4785
5893.5840,4557.2358
5893.5991,4576.0278
5893.6143,4581.0415
5893.6289,4457.5566
5893.6440,4422.6113
5893.6592,4412.4272
5893.6743,4409.3823
5893.6890,4406.6602
5893.7041,4405.8032
5893.7192,4539.1846
5893.7344,4583.2153
5893.7490,4585.7607
5893.7642,4586.6392
5893.7793,4426.4614
5893.7939,4368.8135
5893.8091,4616.3623
5893.8242,4708.9946
5893.8394,4701.4395
5893.8540,4698.5073
5893.8691,4660.8486
5893.8843,4645.7314
5893.8989,4707.4390
5893.9141,4733.0044
5893.9292,4603.4419
5893.9443,4548.1709
5893.9590,4628.8403
5893.9741,4664.1992
5893.9893,4605.7485
5894.0039,4579.4795
5894.0190,4626.8804
5894.0342,4648.6782
5894.0493,4582.5830
5894.0640,4551.5430
5894.0791,4565.7109
5894.0942,4572.4927
5894.1094,4592.1230
5894.1240,4601.6821
5894.1392,4483.1748
5894.1543,4424.5747
5894.1689,4592.1196
5894.1841,4676.0942
5894.1992,4805.6021
5894.2144,4871.2759
5894.2290,4809.7266
5894.2441,4778.2031
5894.2593,4724.1089
5894.2739,4696.1768
5894.2891,4560.6665
5894.3042,4490.2437
5894.3193,4591.4917
5894.3340,4644.3560
5894.3491,4684.9443
5894.3643,4706.1992
5894.3789,4673.9951
5894.3940,4657.1099
5894.4092,4640.2583
5894.4243,4631.4268
5894.4390,4531.9380
5894.4541,4479.9155
5894.4692,4563.6865
5894.4844,4607.3184
5894.4990,4625.8242
5894.5142,4635.4077
5894.5293,4569.7695
5894.5439,4536.0259
5894.5591,4704.3140
5894.5742,4790.0376
5894.5894,4590.6582
5894.6040,4490.2017
5894.6191,4445.0249
5894.6343,4422.5508
5894.6489,4537.7979
5894.6641,4594.3022
5894.6792,4557.0454
5894.6943,4539.0757
5894.7090,4622.0312
5894.7241,4661.3179
5894.7393,4668.1079
5894.7539,4671.2598
5894.7690,4664.7593
5894.7842,4661.8086
5894.7993,4595.6328
5894.8140,4566.3081
5894.8291,4429.5005
5894.8442,4370.4448
5894.8594,4599.2109
5894.8740,4695.2002
5894.8892,4674.2583
5894.9043,4665.7358
5894.9189,4657.0488
5894.9341,4653.6284
5894.9492,4530.4463
5894.9644,4483.6235
5894.9790,4546.0083
5894.9941,4568.8394
5895.0093,4697.9077
5895.0239,4743.2651
5895.0391,4776.5962
5895.0542,4787.8110
5895.0693,4854.5776
5895.0840,4876.0220
5895.0991,4828.7393
5895.1143,4814.2915
5895.1289,4540.6787
5895.1440,4461.4214
5895.1592,4279.4580
5895.1743,4229.6865
5895.1890,4417.7847
5895.2041,4466.1567
5895.2192,4235.0894
5895.2344,4179.4902
5895.2490,4283.6030
5895.2642,4306.9160
5895.2793,4294.5181
5895.2939,4291.9507
5895.3091,4213.6938
5895.3242,4198.8110
5895.3394,4198.7720
5895.3540,4198.7651
5895.3691,4333.2764
5895.3843,4354.2817
5895.3989,4187.2930
5895.4141,4164.0625
5895.4292,4129.9814
5895.4443,4125.8208
5895.4590,4171.4292
5895.4741,4176.2207
5895.4893,4186.5615
5895.5039,4187.4722
5895.5190,3891.7654
5895.5342,3870.7158
5895.5493,3856.2004
5895.5640,3855.4114
5895.5791,4049.5364
5895.5942,4056.8445
5895.6094,3756.2856
5895.6240,3749.9609
5895.6392,3540.9238
5895.6543,3540.1699
5895.6689,3556.8992
5895.6841,3552.3875
5895.6992,3399.9160
5895.7144,3399.4954
5895.7290,3390.7668
5895.7441,3364.9502
5895.7593,2984.7761
5895.7739,2969.2715
5895.7891,2794.7632
5895.8042,2774.1606
5895.8193,2588.7302
5895.8340,2524.0688
5895.8491,2044.3734
5895.8643,2008.8865
5895.8789,1787.1526
5895.8940,1707.7336
5895.9092,1283.0039
5895.9243,1228.6976
5895.9390,977.03351
5895.9541,955.57751
5895.9692,868.58051
5895.9844,828.74011
5895.9990,686.30664
5896.0142,664.91998
5896.0293,597.08484
5896.0439,664.57281
5896.0591,855.44189
5896.0742,927.87537
5896.0894,1111.2753
5896.1040,1220.8591
5896.1191,1470.0660
5896.1343,1575.2355
5896.1489,1790.5935
5896.1641,1939.5621
5896.1792,2214.7739
5896.1943,2365.4529
5896.2090,2616.9490
5896.2241,2701.0474
5896.2393,2827.9768
5896.2539,2988.4810
5896.2690,3207.6284
5896.2842,3297.8799
5896.2993,3409.3503
5896.3140,3438.3032
5896.3291,3470.6348
5896.3442,3474.1316
5896.3594,3477.6582
5896.3740,3516.9541
5896.3892,3552.6985
5896.4043,3648.1958
5896.4189,3726.3735
5896.4341,3700.2368
5896.4492,3681.0330
5896.4644,3854.3691
5896.4790,3968.2822
5896.4941,4095.4038
5896.5093,4169.8047
5896.5239,4126.3398
5896.5391,4103.8057
5896.5542,4110.9331
5896.5693,4114.1846
5896.5840,4242.6309
5896.5991,4293.7642
5896.6143,4222.0972
5896.6289,4197.4629
5896.6440,4296.3008
5896.6592,4325.2397
5896.6743,4201.1489
5896.6890,4170.7505
5896.7041,4349.6426
5896.7192,4385.4194
5896.7344,4337.7725
5896.7490,4330.2622
5896.7642,4262.8315
5896.7793,4254.8970
5896.7939,4462.7798
5896.8091,4479.3936
5896.8242,4372.5625
5896.8394,4367.8398
5896.8540,4318.1494
5896.8691,4321.5439
5896.8843,4494.0132
5896.8989,4489.2231
5896.9141,4406.9414
5896.9292,4404.1719
5896.9443,4375.5518
5896.9590,4408.7031
5896.9741,4647.5879
5896.9893,4617.2407
5897.0039,4452.9028
5897.0190,4477.6494
5897.0342,4582.9561
5897.0493,4527.0479
5897.0640,4334.5566
5897.0791,4372.6621
5897.0942,4480.9707
5897.1094,4500.9971
5897.1240,4548.6636
5897.1392,4427.1675
5897.1543,4182.4946
5897.1689,4206.4092
5897.1841,4247.4507
5897.1992,4310.0444
5897.2144,4402.0361
5897.2290,4374.9834
5897.2441,4340.8374
5897.2593,4394.3638
5897.2739,4452.4473
5897.2891,4373.8691
5897.3042,4300.6079
5897.3193,4475.8999
5897.3340,4615.9814
5897.3491,4645.6899
5897.3643,4665.9512
5897.3789,4623.4102
5897.3940,4598.8120
5897.4092,4477.4712
5897.4243,4418.5439
5897.4390,4620.2969
5897.4541,4701.5103
5897.4692,4786.1719
5897.4844,4813.9038
5897.4990,4630.4370
5897.5142,4582.8159
5897.5293,4580.3218
5897.5439,4579.8291
5897.5591,4684.9810
5897.5742,4699.8071
5897.5894,4708.0532
5897.6040,4708.7871
5897.6191,4470.7705
5897.6343,4461.5337
5897.6489,4639.6162
5897.6641,4632.0303
5897.6792,4475.1206
5897.6943,4482.8740
5897.7090,4561.7344
5897.7241,4561.5039
5897.7393,4560.0068
5897.7539,4529.2129
5897.7690,4386.5190
5897.7842,4466.1260
5897.7993,4744.9849
5897.8140,4755.9502
5897.8291,4786.0474
5897.8442,4796.9067
5897.8594,4820.8071
5897.8740,4703.0864
5897.8892,4492.1235
5897.9043,4493.3330
5897.9189,4495.1143
5897.9341,4513.6250
5897.9492,4536.1729
5897.9644,4567.1890
5897.9790,4598.4834
5897.9941,4618.9248
5898.0093,4635.9849
5898.0239,4639.3589
5898.0391,4641.6768
5898.0542,4609.0425
5898.0693,4590.7568
5898.0840,4490.5781
5898.0991,4445.4434
5898.1143,4574.2939
5898.1289,4619.9707
5898.1440,4589.7290
5898.1592,4581.5713
5898.1743,4642.3628
5898.1890,4654.1816
5898.2041,4570.9644
5898.2192,4560.3940
5898.2344,4367.1196
5898.2490,4354.2900
5898.2642,4413.0747
5898.2793,4402.9771
5898.2939,4143.2529
5898.3091,4151.8594
5898.3242,4237.3438
5898.3394,4262.1899
5898.3540,4410.4966
5898.3691,4417.7661
5898.3843,4447.6045
5898.3989,4374.7075
5898.4141,4154.5098
5898.4292,4269.7339
5898.4443,4536.1528
5898.4590,4461.1182
5898.4741,4325.0894
5898.4893,4491.3413
5898.5039,4731.0840
5898.5190,4893.6562
5898.5342,5081.5537
5898.5493,4852.8120
5898.5640,4640.5112
5898.5791,4656.8818
5898.5942,4669.0415
5898.6094,4660.2886
5898.6240,4655.1338
5898.6392,4660.4644
5898.6543,4662.9126
5898.6689,4813.6201
5898.6841,4866.1206
5898.6992,4750.7822
5898.7144,4721.6538
5898.7290,4779.5674
5898.7441,4789.3496
5898.7593,4821.4858
5898.7739,4824.5479
5898.7891,4645.2515
5898.8042,4638.6719
5898.8193,4598.4863
5898.8340,4601.7388
5898.8491,4635.4824
5898.8643,4637.0762
5898.8789,4646.3237
5898.8940,4603.6831
5898.9092,4439.8125
5898.9243,4509.3193
5898.9390,4700.7686
5898.9541,4672.9634
5898.9692,4615.6392
5898.9844,4662.3833
5898.9990,4736.3389
5899.0142,4727.5269
5899.0293,4716.6836
5899.0439,4609.5625
5899.0591,4506.5483
5899.0742,4431.2090
5899.0894,4374.7451
5899.1040,4543.9995
5899.1191,4641.7778
5899.1343,4769.5078
5899.1489,4825.1772
5899.1641,4750.4722
5899.1792,4726.8125
5899.1943,4603.0137
5899.2090,4576.3662
5899.2241,4462.1660
5899.2393,4447.5708
5899.2539,4415.8481
5899.2690,4413.8296
5899.2842,4389.6470
5899.2993,4368.4233
5899.3140,4125.7998
5899.3291,4118.7383
5899.3442,4077.3684
5899.3594,4016.6094
5899.3740,3790.1956
5899.3892,3749.4084
5899.4043,3643.3391
5899.4189,3901.1135
5899.4341,4392.0591
5899.4492,4394.7041
5899.4644,4398.4907
5899.4790,4332.3823
5899.4941,4260.3530
5899.5093,4346.8013
5899.5239,4418.5962
5899.5391,4401.0913
5899.5542,4390.1069
5899.5693,4322.2515
5899.5840,4290.7495
5899.5991,4303.6255
5899.6143,4307.8750
5899.6289,4373.1328
5899.6440,4387.3457
5899.6592,4417.1792
5899.6743,4420.8345
5899.6890,4416.7822
5899.7041,4419.8511
5899.7192,4519.4868
5899.7344,4530.9302
5899.7490,4631.3330
5899.7642,4628.6982
5899.7793,4616.1548
5899.7939,4622.8701
5899.8091,4643.5366
5899.8242,4661.5327
5899.8394,4700.2510
5899.8540,4671.1177
5899.8691,4625.5034
5899.8843,4606.6709
5899.8989,4584.7939
5899.9141,4683.5674
5899.9292,4769.1270
5899.9443,4760.3896
5899.9590,4754.7910
5899.9741,4707.9917
5899.9893,4686.3208
5900.0039,4788.5791
5900.0190,4821.2407
5900.0342,4808.6460
5900.0493,4806.1162
5900.0640,4526.9761
5900.0791,4498.6729
5900.0942,4676.7324
5900.1094,4677.0674
5900.1240,4635.2988
5900.1392,4622.6992
5900.1543,4542.6006
5900.1689,4538.5020
5900.1841,4523.3315
5900.1992,4521.0737
5900.2144,4515.5435
5900.2290,4554.6377
5900.2441,4621.9355
5900.2593,4448.7505
5900.2739,4233.1182
5900.2891,4340.3247
5900.3042,4437.7993
5900.3193,4446.0283
5900.3340,4451.4565
5900.3491,4534.0405
5900.3643,4572.6060
5900.3789,4498.9155
5900.3940,4475.7993
5900.4092,4545.2930
5900.4243,4558.4175
5900.4390,4655.4219
5900.4541,4663.9731
5900.4692,4793.2441
5900.4844,4793.5806
5900.4990,4797.2812
5900.5142,4777.0752
5900.5293,4674.6855
5900.5439,4682.7690
5900.5591,4707.4502
5900.5742,4677.1953
5900.5894,4615.4961
5900.6040,4699.2144
5900.6191,4818.8369
5900.6343,4752.9473
5900.6489,4685.6729
5900.6641,4822.2524
5900.6792,4921.8555
5900.6943,4836.6118
5900.7090,4793.1187
5900.7241,4322.9961
5900.7393,4163.2856
5900.7539,4524.7808
5900.7690,4598.2520
5900.7842,4732.4976
5900.7993,4744.5835
5900.8140,4618.6323
5900.8291,4622.9810
5900.8442,4668.3608
5900.8594,4616.3252
5900.8740,4368.7661
5900.8892,4430.0332
5900.9043,4604.1182
5900.9189,4560.5742
5900.9341,4478.7583
5900.9492,4529.0249
5900.9644,4594.3730
5900.9790,4574.5796
5900.9941,4556.4976
5901.0093,4739.9448
5901.0239,4856.8335
5901.0391,4986.9346
5901.0542,5042.8472
5901.0693,4693.0884
5901.0840,4599.2261
5901.0991,4667.9448
5901.1143,4677.5098
5901.1289,4842.4922
5901.1440,4832.7603
5901.1592,4584.0581
5901.1743,4579.4678
5901.1890,4553.1211
5901.2041,4650.2739
5901.2192,4959.0229
5901.2344,4922.2114
5901.2490,4847.7158
5901.2642,4778.9683
5901.2793,4684.9951
5901.2939,4734.9009
5901.3091,4781.9658
5901.3242,4827.4521
5901.3394,4856.8774
5901.3540,4720.0000
5901.3691,4661.3813
5901.3843,4715.3350
5901.3989,4729.3765
5901.4141,4778.3374
5901.4292,4784.5601
5901.4443,4930.0337
5901.4590,4903.6626
5901.4741,4548.9634
5901.4893,4570.8022
5901.5039,4676.8062
5901.5190,4579.5039
5901.5342,4311.2051
5901.5493,4373.9429
5901.5640,4484.5820
5901.5791,4575.7095
5901.5942,4683.5640
5901.6094,4762.0684
5901.6240,4825.1475
5901.6392,4574.1421
5901.6543,4439.7983
5901.6689,4206.5459
5901.6841,4128.2412
5901.6992,4155.7944
5901.7144,4160.7964
5901.7290,4378.4253
5901.7441,4396.0645
5901.7593,4503.9155
5901.7739,4519.6318
5901.7891,4614.7554
5901.8042,4665.3252
5901.8193,4824.5322
5901.8340,4850.3672
5901.8491,4900.3545
5901.8643,4831.2295
5901.8789,4743.5356
5901.8940,4808.0718
5901.9092,4862.7715
5901.9243,4781.5732
5901.9390,4736.3149
5901.9541,4734.3398
5901.9692,4733.6582
5901.9844,4571.3501
5901.9990,4541.5752
5902.0142,4784.1265
5902.0293,4795.9131
5902.0439,4761.6997
5902.0591,4820.7275
5902.0742,5149.3013
5902.0894,5100.4692
5902.1040,4958.1899
5902.1191,4880.7954
5902.1343,4742.6855
